,time,spline,prediction,target
0,0.007918904,0.1870799,0.1870799,0.20493844
1,0.007920402,0.24935004,0.24935004,0.25173756
2,0.007921872,0.25771683,-0.010368126,0.25771683
3,0.007923364,0.20349735,0.20349735,0.12749495
4,0.007924861,0.12114187,0.12114187,0.078235514
5,0.007926402,0.06385892,-0.010305643,0.06385892
6,0.007927993,0.06763995,0.06763995,0.0743745
7,0.007929619,0.099167354,0.099167354,0.1497656
8,0.007931259,0.114515126,-0.0069614816,0.114515126
9,0.007932928,0.086440936,0.086440936,0.046250395
10,0.007934615,0.043365106,0.043365106,0.009026172
11,0.007936262,0.029528493,-0.010019129,0.029528493
12,0.007937861,0.07846906,0.07846906,0.02347845
13,0.007939438,0.14824203,0.14824203,0.13206172
14,0.007941032,0.17016274,-0.013264137,0.17016274
15,0.007942631,0.09570096,0.09570096,0.19261523
16,0.007944183,-0.02535754,-0.02535754,-0.0008642468
17,0.007945734,-0.11191472,-0.01743181,-0.11191472
18,0.007947221,-0.11343858,-0.11343858,-0.22647922
19,0.007948675,-0.05766412,-0.05766412,-0.22906339
20,0.007950147,0.015552944,-0.01581169,0.015552944
21,0.007951649,0.071368806,0.071368806,0.10358573
22,0.007953178,0.10104237,0.10104237,0.0985609
23,0.007954732,0.1054091,-0.01116658,0.1054091
24,0.007956284,0.08912437,0.08912437,0.004912536
25,0.00795784,0.073718846,0.073718846,-0.011572477
26,0.007959397,0.0827551,-0.0071044397,0.0827551
27,0.007960953,0.12986647,0.12986647,0.08030265
28,0.007962493,0.17780685,0.17780685,0.17355292
29,0.007964012,0.1717443,-0.0034044618,0.1717443
30,0.007965486,0.07742244,0.07742244,0.1421615
31,0.007966926,-0.04851695,-0.04851695,-0.017117286
32,0.00796836,-0.12587847,-0.0048336587,-0.12587847
33,0.007969866,-0.098742574,-0.098742574,-0.0600603
34,0.007971467,-0.009635173,-0.009635173,0.028113049
35,0.007973017,0.076569416,-0.0074667744,0.076569416
36,0.007974562,0.112113394,0.112113394,0.12827934
37,0.007976146,0.102874056,0.102874056,0.110096775
38,0.007977772,0.063554205,-0.0074431184,0.063554205
39,0.007979395,0.004000097,0.004000097,-0.087010756
40,0.007980967,-0.063567296,-0.063567296,-0.17031851
41,0.007982538,-0.11682847,-0.012410462,-0.11682847
42,0.007984146,-0.1463596,-0.1463596,0.019931976
43,0.007985704,-0.15898982,-0.15898982,-0.07433073
44,0.007987176,-0.16560528,-0.017149225,-0.16560528
45,0.007988642,-0.1735852,-0.1735852,-0.2860095
46,0.007990124,-0.17210293,-0.17210293,-0.24046165
47,0.00799161,-0.14690667,-0.019250363,-0.14690667
48,0.007993122,-0.0880659,-0.0880659,-0.03452627
49,0.00799466,-0.015755018,-0.015755018,-0.052349076
50,0.007996239,0.046303477,-0.01512015,0.046303477
51,0.007997828,0.08791417,0.08791417,0.026908938
52,0.007999436,0.114544824,0.114544824,0.1384322
53,0.008001047,0.13561016,-0.014003735,0.13561016
54,0.008002628,0.15930252,0.15930252,0.1419423
55,0.008004189,0.18483542,0.18483542,0.16928792
56,0.008005769,0.20915136,-0.011059979,0.20915136
57,0.008007359,0.22530548,0.22530548,0.23807852
58,0.008008966,0.21498843,0.21498843,0.20890856
59,0.008010513,0.1563936,-0.011609507,0.1563936
60,0.008011979,0.047319833,0.047319833,0.009856762
61,0.00801347,-0.05151844,-0.05151844,-0.08866702
62,0.008015004,-0.066936016,-0.009015605,-0.066936016
63,0.008016618,0.04836965,0.04836965,0.0643327
64,0.008018233,0.213734,0.213734,0.14334989
65,0.008019883,0.30909157,-0.011133385,0.30909157
66,0.008021479,0.27266932,0.27266932,0.32028735
67,0.008023044,0.16069421,0.16069421,0.23717225
68,0.008024619,0.05364118,-0.011274221,0.05364118
69,0.008026199,0.022581587,0.022581587,-0.01803929
70,0.008027777,0.050613455,0.050613455,-0.11181347
71,0.008029329,0.08898798,-0.011011567,0.08898798
72,0.00803086,0.09493677,0.09493677,0.023702562
73,0.008032399,0.06632695,0.06632695,-0.03150862
74,0.008033935,0.0071821623,-0.0098851,0.0071821623
75,0.00803547,-0.07176462,-0.07176462,-0.22680163
76,0.008036974,-0.13180175,-0.13180175,-0.11449004
77,0.008038519,-0.12861598,-0.004559827,-0.12861598
78,0.00804013,-0.04128668,-0.04128668,0.13563277
79,0.008041775,0.07915357,0.07915357,0.13414459
80,0.008043432,0.16163272,0.002287242,0.16163272
81,0.008045097,0.15498629,0.15498629,0.07658023
82,0.008046748,0.08527256,0.08527256,0.027937101
83,0.008048386,-0.008637397,0.005617363,-0.008637397
84,0.008050036,-0.08930411,-0.08930411,-0.10343679
85,0.008051686,-0.13194838,-0.13194838,-0.13145277
86,0.008053329,-0.11755978,0.0036098124,-0.11755978
87,0.008054944,-0.037752766,-0.037752766,-0.07501879
88,0.008056504,0.07507288,0.07507288,-0.043688323
89,0.00805803,0.18040702,0.00224473,0.18040702
90,0.008059587,0.24333768,0.24333768,0.4294535
91,0.008061134,0.23981006,0.23981006,0.46458602
92,0.008062636,0.15059225,0.001220068,0.15059225
93,0.008064101,-0.024226625,-0.024226625,-0.09714495
94,0.008065565,-0.22125363,-0.22125363,-0.23211545
95,0.008067044,-0.37705007,0.0033924226,-0.37705007
96,0.008068562,-0.44763687,-0.44763687,-0.46087095
97,0.008070127,-0.43151894,-0.43151894,-0.49586782
98,0.008071754,-0.347887,-0.0052194316,-0.347887
99,0.008073348,-0.22209758,-0.22209758,-0.15672828
100,0.00807491,-0.100814775,-0.100814775,-0.21328905
101,0.008076465,-0.038649734,-0.008743683,-0.038649734
102,0.008078003,-0.07087716,-0.07087716,-0.04932258
103,0.008079524,-0.13178103,-0.13178103,-0.045465495
104,0.008081002,-0.11320336,-0.009144982,-0.11320336
105,0.008082498,0.054733712,0.054733712,0.008404949
106,0.008084032,0.2613646,0.2613646,0.17614987
107,0.00808556,0.36787182,-0.0024605428,0.36787182
108,0.008087046,0.28416374,0.28416374,0.3801233
109,0.008088498,0.10299792,0.10299792,0.15020005
110,0.008089984,-0.043932095,-0.0017196264,-0.043932095
111,0.008091537,-0.07292123,-0.07292123,-0.053639688
112,0.008093178,-0.015382393,-0.015382393,0.017489351
113,0.008094857,0.058432065,-3.5285484e-05,0.058432065
114,0.008096533,0.08974672,0.08974672,0.19303593
115,0.008098192,0.07505368,0.07505368,0.27307636
116,0.00809984,0.01895296,0.00048024254,0.01895296
117,0.008101458,-0.07040009,-0.07040009,-0.2055395
118,0.00810301,-0.14871264,-0.14871264,-0.40895852
119,0.008104607,-0.14724088,0.0022389833,-0.14724088
120,0.008106246,-0.02375647,-0.02375647,0.022382464
121,0.008107867,0.15207869,0.15207869,0.17478554
122,0.008109487,0.28842115,-0.00043892674,0.28842115
123,0.00811109,0.3169435,0.3169435,0.34406778
124,0.008112629,0.25538474,0.25538474,0.19641432
125,0.008114111,0.12912074,-0.005418811,0.12912074
126,0.008115591,-0.034926873,-0.034926873,0.12905587
127,0.008117094,-0.19048701,-0.19048701,-0.16260631
128,0.008118618,-0.29621443,-0.012760891,-0.29621443
129,0.008120205,-0.3221454,-0.3221454,-0.27663413
130,0.00812188,-0.29188377,-0.29188377,-0.2898921
131,0.008123579,-0.23890762,-0.01716657,-0.23890762
132,0.008125278,-0.18611905,-0.18611905,-0.19157967
133,0.008126816,-0.14607891,-0.14607891,-0.13045803
134,0.008128234,-0.13074504,-0.018788401,-0.13074504
135,0.008129648,-0.14639963,-0.14639963,-0.20984578
136,0.008131126,-0.16904525,-0.16904525,-0.29559714
137,0.008132717,-0.15837865,-0.014948055,-0.15837865
138,0.00813429,-0.08649826,-0.08649826,-0.01968671
139,0.008135869,0.008235853,0.008235853,-0.011883089
140,0.008137464,0.09266518,-0.011472828,0.09266518
141,0.008139062,0.15239134,0.15239134,0.019581063
142,0.008140607,0.1805059,0.1805059,0.05277422
143,0.00814215,0.16607565,-0.008394574,0.16607565
144,0.00814371,0.107397676,0.107397676,0.096692316
145,0.008145287,0.033177253,0.033177253,0.062244922
146,0.008146807,-0.020526148,-0.008591672,-0.020526148
147,0.008148312,-0.026033964,-0.026033964,-0.011052499
148,0.008149837,0.00074729306,0.00074729306,0.026725126
149,0.008151441,0.035909787,-0.0127293635,0.035909787
150,0.008153065,0.059055366,0.059055366,0.0068577896
151,0.008154604,0.057619337,0.057619337,0.012476318
152,0.008156092,0.023280878,-0.01638515,0.023280878
153,0.008157557,-0.042810775,-0.042810775,-0.118737355
154,0.008159067,-0.10670153,-0.10670153,-0.16053523
155,0.008160586,-0.12116819,-0.019175522,-0.12116819
156,0.008162141,-0.05156777,-0.05156777,-0.0035349154
157,0.008163705,0.034759797,0.034759797,0.03857751
158,0.008165267,0.065421805,-0.01966693,0.065421805
159,0.008166806,0.002061872,0.002061872,-0.051972605
160,0.008168352,-0.103556216,-0.103556216,-0.12766056
161,0.008169928,-0.16636805,-0.015787661,-0.16636805
162,0.008171508,-0.12712085,-0.12712085,-0.17398687
163,0.008173052,-0.0474376,-0.0474376,-0.075212434
164,0.008174577,-0.024594568,-0.01487117,-0.024594568
165,0.008176094,-0.119081475,-0.119081475,-0.1162908
166,0.008177632,-0.25863105,-0.25863105,-0.3278398
167,0.00817918,-0.33705592,-0.009199216,-0.33705592
168,0.008180744,-0.2741498,-0.2741498,-0.21352102
169,0.008182311,-0.1370161,-0.1370161,-0.1329321
170,0.008183857,-0.01972308,-0.0046805576,-0.01972308
171,0.008185385,0.010830858,0.010830858,-0.018363662
172,0.008186894,-0.029438375,-0.029438375,-0.08399114
173,0.008188445,-0.103696294,-0.0070280056,-0.103696294
174,0.008190011,-0.17395453,-0.17395453,-0.2120004
175,0.008191586,-0.20270197,-0.20270197,-0.1347938
176,0.008193149,-0.15478106,-0.010530509,-0.15478106
177,0.008194667,-0.02139584,-0.02139584,-0.084111065
178,0.00819619,0.11614631,0.11614631,0.1687699
179,0.008197691,0.15900432,-0.013211953,0.15900432
180,0.008199188,0.036516007,0.036516007,-0.06248818
181,0.008200681,-0.14411332,-0.14411332,-0.18507944
182,0.008202218,-0.22697856,-0.01606913,-0.22697856
183,0.008203764,-0.11557796,-0.11557796,-0.09843851
184,0.008205326,0.10208704,0.10208704,0.13074064
185,0.008206855,0.29363865,-0.01197308,0.29363865
186,0.008208397,0.36675614,0.36675614,0.417377
187,0.008209951,0.34609723,0.34609723,0.35468754
188,0.008211533,0.28319976,-0.0068276543,0.28319976
189,0.008213127,0.22525395,0.22525395,0.2723893
190,0.008214693,0.18103436,0.18103436,0.21873412
191,0.008216226,0.15056276,-0.0093069775,0.15056276
192,0.008217781,0.12929825,0.12929825,0.061879262
193,0.008219365,0.104984365,0.104984365,0.08132
194,0.008220953,0.061887126,-0.01120487,0.061887126
195,0.008222529,-0.006827219,-0.006827219,-0.06915945
196,0.008224074,-0.06971651,-0.06971651,-0.11547299
197,0.00822561,-0.09047368,-0.010298565,-0.09047368
198,0.008227199,-0.048987783,-0.048987783,-0.024677135
199,0.008228815,0.017507184,0.017507184,0.08791459
200,0.008230473,0.05154357,-0.0064539076,0.05154357
201,0.008232101,0.011337347,0.011337347,-0.08858937
202,0.008233657,-0.081057854,-0.081057854,-0.15108912
203,0.008235226,-0.19243877,-0.00287111,-0.19243877
204,0.008236852,-0.2955729,-0.2955729,-0.34116757
205,0.00823851,-0.3598591,-0.3598591,-0.4356839
206,0.008240073,-0.3548404,-0.0030035628,-0.3548404
207,0.00824154,-0.2653812,-0.2653812,-0.16600633
208,0.008243006,-0.1385487,-0.1385487,-0.06396162
209,0.008244512,-0.018394135,-0.0130867595,-0.018394135
210,0.008246011,0.056487538,0.056487538,0.15355387
211,0.008247508,0.0777629,0.0777629,0.2034365
212,0.008249057,0.053149708,-0.015439595,0.053149708
213,0.008250613,-0.0017080203,-0.0017080203,-0.02792676
214,0.008252183,-0.07053482,-0.07053482,-0.035024624
215,0.008253733,-0.1360038,-0.014941126,-0.1360038
216,0.008255217,-0.17671724,-0.17671724,-0.18996468
217,0.008256683,-0.1774051,-0.1774051,-0.2087901
218,0.008258134,-0.12043687,-0.013644326,-0.12043687
219,0.008259604,-0.00389442,-0.00389442,-0.036464643
220,0.008261103,0.10958242,0.10958242,0.13403155
221,0.008262633,0.13829164,-0.015007127,0.13829164
222,0.008264176,0.041701894,0.041701894,0.036626358
223,0.00826566,-0.112732254,-0.112732254,-0.16054015
224,0.008267122,-0.239519,-0.014013371,-0.239519
225,0.008268576,-0.278716,-0.278716,-0.2691352
226,0.008270049,-0.25149488,-0.25149488,-0.2502056
227,0.008271572,-0.20408571,-0.005569859,-0.20408571
228,0.008273168,-0.1803302,-0.1803302,-0.16893059
229,0.008274789,-0.19161226,-0.19161226,-0.1681983
230,0.008276403,-0.23894005,-0.0036776466,-0.23894005
231,0.008277976,-0.31503427,-0.31503427,-0.3520773
232,0.008279528,-0.37382826,-0.37382826,-0.47692642
233,0.008281059,-0.35293445,-0.0059833983,-0.35293445
234,0.008282574,-0.20313531,-0.20313531,-0.1302693
235,0.008284086,-0.0019389073,-0.0019389073,-0.07192743
236,0.008285519,0.13028651,-0.009750351,0.13028651
237,0.008286945,0.11475443,0.11475443,0.11220323
238,0.008288437,0.014162119,0.014162119,-0.043224372
239,0.008290014,-0.08387319,-0.013559211,-0.08387319
240,0.008291571,-0.11659923,-0.11659923,-0.14421536
241,0.008293066,-0.09614596,-0.09614596,-0.06127522
242,0.008294515,-0.053982735,-0.015783833,-0.053982735
243,0.008295952,-0.012103349,-0.012103349,0.004332597
244,0.008297414,0.0200989,0.0200989,0.091790356
245,0.00829893,0.031346947,-0.014930694,0.031346947
246,0.008300526,0.011910207,0.011910207,-0.03297321
247,0.008302131,-0.032465305,-0.032465305,-0.062479332
248,0.008303733,-0.094589286,-0.011978513,-0.094589286
249,0.008305356,-0.16684978,-0.16684978,-0.21936956
250,0.008306967,-0.22961491,-0.22961491,-0.23001096
251,0.008308522,-0.25616622,-0.015131606,-0.25616622
252,0.008310053,-0.22234987,-0.22234987,-0.21466321
253,0.008311599,-0.14927182,-0.14927182,-0.118280284
254,0.008313182,-0.07344903,-0.022467839,-0.07344903
255,0.008314785,-0.021435447,-0.021435447,-0.024141429
256,0.008316386,0.0145330345,0.0145330345,0.049357496
257,0.008318003,0.051375486,-0.019849777,0.051375486
258,0.008319584,0.09706384,0.09706384,0.031584818
259,0.00832104,0.12486393,0.12486393,0.19775604
260,0.008322467,0.09579489,-0.014773107,0.09579489
261,0.008323883,-0.012373799,-0.012373799,-0.066954695
262,0.008325287,-0.13655978,-0.13655978,-0.16526714
263,0.008326706,-0.193232,-0.012690644,-0.193232
264,0.00832819,-0.12990516,-0.12990516,-0.17524996
265,0.008329699,-0.028474508,-0.028474508,-0.07683233
266,0.008331241,0.032012403,-0.009710774,0.032012403
267,0.008332798,0.0016671167,0.0016671167,-0.025973642
268,0.008334383,-0.08035839,-0.08035839,0.009307295
269,0.008335994,-0.15611492,-0.0113833845,-0.15611492
270,0.008337617,-0.17837282,-0.17837282,-0.17818701
271,0.008339284,-0.15315434,-0.15315434,-0.10467236
272,0.008340944,-0.10661368,-0.012292261,-0.10661368
273,0.008342538,-0.063167565,-0.063167565,-0.09998173
274,0.008344102,-0.026228651,-0.026228651,0.013465163
275,0.008345651,0.0057627857,-0.017825944,0.0057627857
276,0.008347193,0.034078974,0.034078974,-0.05731296
277,0.008348717,0.05966914,0.05966914,-0.0012721701
278,0.008350236,0.08192451,-0.015399227,0.08192451
279,0.008351744,0.10174408,0.10174408,0.24756593
280,0.008353265,0.12581974,0.12581974,0.17488776
281,0.008354766,0.16119826,-0.007068282,0.16119826
282,0.008356255,0.21136016,0.21136016,0.10296942
283,0.008357741,0.26603794,0.26603794,0.16249181
284,0.008359243,0.31297716,-0.004365579,0.31297716
285,0.008360791,0.33808112,0.33808112,0.33327404
286,0.008362317,0.32072994,0.32072994,0.3226641
287,0.008363838,0.2393416,-0.0056424215,0.2393416
288,0.008365393,0.08827403,0.08827403,0.06902628
289,0.008366976,-0.08149506,-0.08149506,-0.08217465
290,0.008368586,-0.20592088,-0.0099229785,-0.20592088
291,0.008370205,-0.23471309,-0.23471309,-0.20171583
292,0.0083718,-0.19528311,-0.19528311,-0.16095987
293,0.00837337,-0.1392387,-0.011680668,-0.1392387
294,0.008374928,-0.10541681,-0.10541681,-0.108372174
295,0.008376456,-0.09222966,-0.09222966,-0.03233921
296,0.008378003,-0.08577028,-0.013057836,-0.08577028
297,0.008379554,-0.07392975,-0.07392975,-0.07162468
298,0.00838105,-0.05674121,-0.05674121,-0.05782999
299,0.008382573,-0.037065223,-0.012331294,-0.037065223
300,0.008384121,-0.017254306,-0.017254306,-0.09665249
301,0.008385692,0.000516735,0.000516735,-0.0888528
302,0.008387329,0.014988732,-0.008195862,0.014988732
303,0.008389008,0.024611175,0.024611175,0.12092001
304,0.008390675,0.029982032,0.029982032,0.11536832
305,0.008392354,0.032736834,-0.000589313,0.032736834
306,0.008394039,0.03432043,0.03432043,0.07135881
307,0.008395691,0.037630532,0.037630532,0.07552749
308,0.008397333,0.0464981,0.001262581,0.0464981
309,0.008398914,0.061407324,0.061407324,-0.0005909874
310,0.00840047,0.06711759,0.06711759,0.0071949405
311,0.008402051,0.04484085,0.004562971,0.04484085
312,0.008403639,-0.013568097,-0.013568097,0.09042111
313,0.00840521,-0.070029534,-0.070029534,-0.0051479326
314,0.008406681,-0.079813614,-0.0008085361,-0.079813614
315,0.008408114,-0.01964321,-0.01964321,0.0110363
316,0.00840958,0.067412205,0.067412205,0.13506168
317,0.008411091,0.12854178,-0.0054841954,0.12854178
318,0.00841264,0.12086732,0.12086732,0.037863888
319,0.008414221,0.06348037,0.06348037,0.0016874851
320,0.008415843,-0.005961813,-0.011808135,-0.005961813
321,0.008417432,-0.066530116,-0.066530116,-0.024190577
322,0.008419028,-0.11891166,-0.11891166,-0.08973155
323,0.008420672,-0.1654775,-0.009995742,-0.1654775
324,0.008422357,-0.20625077,-0.20625077,-0.217154
325,0.008423974,-0.23295452,-0.23295452,-0.30917263
326,0.00842557,-0.23425925,-0.007087165,-0.23425925
327,0.008427177,-0.20397176,-0.20397176,-0.18400998
328,0.00842877,-0.15397595,-0.15397595,-0.12988496
329,0.008430365,-0.099265166,-0.0066527543,-0.099265166
330,0.008431984,-0.052348122,-0.052348122,-0.06967058
331,0.00843361,-0.0059303837,-0.0059303837,-0.02503198
332,0.008435205,0.056046452,-0.00919906,0.056046452
333,0.008436803,0.1403581,0.1403581,0.1741417
334,0.008438394,0.21604396,0.21604396,0.25204423
335,0.008439984,0.24571995,-0.010236499,0.24571995
336,0.008441556,0.20358789,0.20358789,0.12980586
337,0.008443099,0.11918152,0.11918152,0.084289484
338,0.008444689,0.039312754,-0.010527702,0.039312754
339,0.008446305,-0.0022424532,-0.0022424532,0.009993392
340,0.008447905,-0.0015094468,-0.0015094468,0.013782655
341,0.008449513,0.037278052,-0.00576355,0.037278052
342,0.00845109,0.1027183,0.1027183,0.06517804
343,0.008452629,0.1581844,0.1581844,0.10754307
344,0.008454183,0.16337647,-0.003494576,0.16337647
345,0.008455777,0.08691986,0.08691986,0.1570453
346,0.008457332,-0.030350069,-0.030350069,0.0281504
347,0.008458886,-0.13326827,-0.0017135115,-0.13326827
348,0.008460473,-0.17443776,-0.17443776,-0.160376
349,0.008462065,-0.1512583,-0.1512583,-0.16890897
350,0.008463629,-0.067414716,-0.0024027312,-0.067414716
351,0.008465176,0.06255621,0.06255621,0.11325007
352,0.008466741,0.15336949,0.15336949,0.15428518
353,0.008468346,0.1162284,-0.0074475342,0.1162284
354,0.008469925,-0.09891977,-0.09891977,-0.10617234
355,0.008471497,-0.34147212,-0.34147212,-0.33149636
356,0.008473095,-0.40858698,-0.011238979,-0.40858698
357,0.008474688,-0.18689294,-0.18689294,-0.18041731
358,0.008476238,0.16510887,0.16510887,0.15693521
359,0.008477804,0.41116378,-0.011252173,0.41116378
360,0.008479401,0.36566287,0.36566287,0.5035284
361,0.008481044,0.15629466,0.15629466,0.28284293
362,0.008482663,-0.026543753,-0.012467984,-0.026543753
363,0.008484238,-0.03430809,-0.03430809,-0.17740163
364,0.008485814,0.05573319,0.05573319,0.04069871
365,0.008487411,0.12274239,-0.008531449,0.12274239
366,0.00848904,0.07871804,0.07871804,0.14260285
367,0.008490693,-0.01741769,-0.01741769,0.085415944
368,0.008492344,-0.05563507,-0.0061849602,-0.05563507
369,0.00849399,0.028666245,0.028666245,0.087227516
370,0.008495621,0.16215232,0.16215232,0.26200935
371,0.008497273,0.2398724,-0.010292508,0.2398724
372,0.008498933,0.17997961,0.17997961,0.27315697
373,0.008500572,0.028693844,0.028693844,0.10504639
374,0.008502221,-0.12563273,-0.0064801127,-0.12563273
375,0.008503838,-0.21067478,-0.21067478,-0.26191646
376,0.008505398,-0.21796285,-0.21796285,-0.28194597
377,0.008506934,-0.15358874,-0.005345194,-0.15358874
378,0.008508462,-0.029196532,-0.029196532,-0.05502859
379,0.008510025,0.11391699,0.11391699,0.06388055
380,0.008511569,0.23333284,0.002540519,0.23333284
381,0.008513093,0.29471785,0.29471785,0.31586605
382,0.00851465,0.31587866,0.31587866,0.39362997
383,0.00851625,0.32412672,0.003226649,0.32412672
384,0.008517887,0.33477655,0.33477655,0.3531453
385,0.008519533,0.32881683,0.32881683,0.29395613
386,0.008521173,0.27833414,-0.0008226924,0.27833414
387,0.008522796,0.17117147,0.17117147,0.18983643
388,0.008524383,0.04422876,0.04422876,0.047527246
389,0.008525962,-0.04563751,-0.0052048536,-0.04563751
390,0.008527535,-0.050813895,-0.050813895,-0.015242804
391,0.008529058,0.001702846,0.001702846,0.056447495
392,0.008530563,0.061896957,-0.0047664903,0.061896957
393,0.008532056,0.08804655,0.08804655,-0.0059932675
394,0.008533558,0.07137337,0.07137337,-0.011757272
395,0.008535098,0.010728637,-0.0023744656,0.010728637
396,0.008536646,-0.084143296,-0.084143296,-0.027506059
397,0.0085382,-0.15568817,-0.15568817,-0.22447106
398,0.008539768,-0.14552072,-0.0045307484,-0.14552072
399,0.008541337,-0.023228552,-0.023228552,-0.08084472
400,0.008542926,0.13846388,0.13846388,0.06786345
401,0.008544532,0.23852576,-0.010870766,0.23852576
402,0.008546131,0.19661823,0.19661823,0.2921082
403,0.008547719,0.07054641,0.07054641,0.21036825
404,0.008549313,-0.046288222,-0.014202137,-0.046288222
405,0.008550891,-0.07787808,-0.07787808,-0.2555037
406,0.008552456,-0.03498622,-0.03498622,-0.1540871
407,0.008554057,0.049644515,-0.013610696,0.049644515
408,0.008555654,0.14411378,0.14411378,0.20600002
409,0.008557222,0.2349577,0.2349577,0.26032656
410,0.008558698,0.314542,-0.005490129,0.314542
411,0.008560124,0.37213635,0.37213635,0.30286458
412,0.00856155,0.3938875,0.3938875,0.23310873
413,0.008563039,0.363367,0.00046153273,0.363367
414,0.008564585,0.2731766,0.2731766,0.3219505
415,0.008566179,0.15852927,0.15852927,0.1546017
416,0.008567752,0.06371934,-0.00209276,0.06371934
417,0.008569303,0.009608796,0.009608796,-0.15562738
418,0.008570853,-0.012656298,-0.012656298,-0.1910538
419,0.008572374,-0.015354861,-0.0043355124,-0.015354861
420,0.008573881,-0.00754726,-0.00754726,0.055464547
421,0.00857538,0.012835408,0.012835408,0.14056422
422,0.008576875,0.049583573,-0.008037582,0.049583573
423,0.008578403,0.100194,0.100194,0.06471212
424,0.008579978,0.13896443,0.13896443,0.21098946
425,0.008581585,0.13455448,-0.010486338,0.13455448
426,0.008583175,0.07089138,0.07089138,0.011178827
427,0.008584761,-0.020016635,-0.020016635,-0.031020096
428,0.008586328,-0.095416926,-0.011494329,-0.095416926
429,0.008587898,-0.12387979,-0.12387979,-0.09618362
430,0.008589499,-0.11439224,-0.11439224,-0.15772893
431,0.008591078,-0.08994879,-0.0056878636,-0.08994879
432,0.008592667,-0.07301219,-0.07301219,-0.039769314
433,0.008594268,-0.06863871,-0.06863871,-0.036351603
434,0.00859589,-0.07773271,0.00030082464,-0.07773271
435,0.008597502,-0.09657223,-0.09657223,-0.16529074
436,0.008599071,-0.10222389,-0.10222389,-0.12142277
437,0.008600598,-0.066140816,-0.003959517,-0.066140816
438,0.008602126,0.025458895,0.025458895,0.027975436
439,0.008603678,0.12713514,0.12713514,0.13511378
440,0.008605206,0.17608795,-0.0068764393,0.17608795
441,0.008606745,0.12697953,0.12697953,0.2228094
442,0.008608284,0.019696206,0.019696206,0.10783894
443,0.008609863,-0.09144876,-0.011290687,-0.09144876
444,0.008611475,-0.1668882,-0.1668882,-0.18489857
445,0.008613079,-0.18707241,-0.18707241,-0.1474581
446,0.008614697,-0.13760307,-0.015981866,-0.13760307
447,0.008616316,-0.020226331,-0.020226331,0.054002903
448,0.008617925,0.099647984,0.099647984,0.16198166
449,0.008619514,0.14014941,-0.018008525,0.14014941
450,0.008621085,0.04190961,0.04190961,-0.047639772
451,0.008622649,-0.10529786,-0.10529786,-0.15934685
452,0.008624223,-0.17537774,-0.017620748,-0.17537774
453,0.008625777,-0.07839345,-0.07839345,-0.0007187706
454,0.008627373,0.10936996,0.10936996,0.17982315
455,0.008628986,0.2725613,-0.012686897,0.2725613
456,0.008630486,0.32985604,0.32985604,0.364634
457,0.008631931,0.3058306,0.3058306,0.29077926
458,0.008633399,0.24781166,-0.007952929,0.24781166
459,0.008634932,0.19605608,0.19605608,0.14170346
460,0.00863653,0.15497176,0.15497176,0.10422563
461,0.008638098,0.12359166,-0.005934395,0.12359166
462,0.008639673,0.097331576,0.097331576,0.16390234
463,0.008641263,0.053237036,0.053237036,0.006679876
464,0.008642868,-0.035622258,-0.007417049,-0.035622258
465,0.008644496,-0.18366921,-0.18366921,-0.25231797
466,0.00864606,-0.3240251,-0.3240251,-0.3581254
467,0.008647592,-0.35315758,-0.00938867,-0.35315758
468,0.008649133,-0.21821634,-0.21821634,-0.24234498
469,0.008650691,-0.018743869,-0.018743869,-0.010307425
470,0.008652302,0.09982989,-0.0101735685,0.09982989
471,0.008653938,0.032572523,0.032572523,0.074212305
472,0.008655595,-0.12158635,-0.12158635,-0.12947507
473,0.008657241,-0.23170064,-0.015023612,-0.23170064
474,0.008658841,-0.20917304,-0.20917304,-0.20886481
475,0.008660422,-0.08289361,-0.08289361,-0.073324196
476,0.008662001,0.08870587,-0.021843063,0.08870587
477,0.008663526,0.23808682,0.23808682,0.17973468
478,0.00866502,0.31355923,0.31355923,0.20514387
479,0.008666506,0.26759052,-0.022178868,0.26759052
480,0.008668021,0.09046376,0.09046376,0.16688067
481,0.008669608,-0.12574916,-0.12574916,-0.035215314
482,0.008671212,-0.2711768,-0.020367235,-0.2711768
483,0.008672808,-0.27160904,-0.27160904,-0.32366815
484,0.008674419,-0.19033468,-0.19033468,-0.19383554
485,0.008676064,-0.10937085,-0.01762824,-0.10937085
486,0.008677733,-0.08718122,-0.08718122,-0.25459054
487,0.008679442,-0.10238077,-0.10238077,-0.2348962
488,0.008681152,-0.10506751,-0.020517481,-0.10506751
489,0.008682831,-0.060505252,-0.060505252,-0.025354385
490,0.00868449,-0.009392204,-0.009392204,0.035606056
491,0.008686136,-0.014527218,-0.012454466,-0.014527218
492,0.008687763,-0.11640368,-0.11640368,-0.24634558
493,0.008689393,-0.23970452,-0.23970452,-0.29439697
494,0.008691002,-0.26781216,-0.009884465,-0.26781216
495,0.008692597,-0.12778156,-0.12778156,-0.07786836
496,0.008694215,0.10143153,0.10143153,0.19724196
497,0.008695845,0.31201485,-0.0069842986,0.31201485
498,0.008697446,0.4223425,0.4223425,0.2056727
499,0.008699058,0.44106215,0.44106215,0.39303136
500,0.008700691,0.39626527,-0.00990471,0.39626527
501,0.008702325,0.31391987,0.31391987,0.34727317
502,0.008703954,0.20779866,0.20779866,0.23497929
503,0.008705567,0.09208721,-0.0134841995,0.09208721
504,0.008707213,-0.01985428,-0.01985428,-0.09384814
505,0.008708881,-0.13512354,-0.13512354,-0.14919694
506,0.008710569,-0.26268905,-0.0147215845,-0.26268905
507,0.008712225,-0.39638376,-0.39638376,-0.35553926
508,0.008713866,-0.47878197,-0.47878197,-0.44276407
509,0.008715492,-0.4417644,-0.0137345325,-0.4417644
510,0.008717094,-0.24576907,-0.24576907,-0.22640944
511,0.008718659,0.015445259,0.015445259,0.08981365
512,0.008720212,0.2045079,-0.0077894954,0.2045079
513,0.008721809,0.21733972,0.21733972,0.20959762
514,0.008723417,0.11341257,0.11341257,0.23016971
515,0.00872503,-0.016700516,-0.004927288,-0.016700516
516,0.008726652,-0.1042081,-0.1042081,-0.099976815
517,0.008728248,-0.152936,-0.152936,-0.2107039
518,0.008729792,-0.18371314,-0.0018422669,-0.18371314
519,0.008731361,-0.21154441,-0.21154441,-0.16313219
520,0.008732996,-0.23216474,-0.23216474,-0.105327
521,0.008734648,-0.23728772,-0.0060073854,-0.23728772
522,0.008736298,-0.22208062,-0.22208062,-0.23979129
523,0.008737965,-0.19651031,-0.19651031,-0.17891046
524,0.008739615,-0.1736566,-0.0074009094,-0.1736566
525,0.008741231,-0.15815926,-0.15815926,-0.12313212
526,0.008742739,-0.13058594,-0.13058594,-0.110180795
527,0.008744206,-0.063356124,-0.014162272,-0.063356124
528,0.008745681,0.053899206,0.053899206,0.09769296
529,0.008747189,0.16279098,0.16279098,0.08768065
530,0.00874876,0.18372348,-0.01410239,0.18372348
531,0.008750348,0.07382549,0.07382549,-0.080794595
532,0.008751918,-0.08835958,-0.08835958,-0.15137908
533,0.008753455,-0.22804703,-0.015422637,-0.22804703
534,0.008754949,-0.29511926,-0.29511926,-0.25961733
535,0.008756437,-0.29402494,-0.29402494,-0.27752665
536,0.008757968,-0.24225554,-0.013253074,-0.24225554
537,0.008759562,-0.165036,-0.165036,-0.12553836
538,0.00876113,-0.09877421,-0.09877421,-0.14223471
539,0.008762655,-0.07845321,-0.011706867,-0.07845321
540,0.00876418,-0.11784711,-0.11784711,-0.045054622
541,0.008765733,-0.16922219,-0.16922219,-0.107716545
542,0.008767337,-0.17037553,-0.010810147,-0.17037553
543,0.00876893,-0.06628029,-0.06628029,-0.07031736
544,0.008770543,0.109810404,0.109810404,-0.0022983674
545,0.00877218,0.30302286,-0.010764112,0.30302286
546,0.008773798,0.4716146,0.4716146,0.56528014
547,0.008775354,0.5727755,0.5727755,0.60583264
548,0.008776891,0.554396,-0.00891635,0.554396
549,0.008778397,0.3873751,0.3873751,0.43954837
550,0.008779902,0.13928117,0.13928117,0.13556692
551,0.008781398,-0.093569964,-0.00627611,-0.093569964
552,0.008782908,-0.22362088,-0.22362088,-0.33356547
553,0.008784467,-0.2476722,-0.2476722,-0.29733598
554,0.008786032,-0.18404144,-0.007861048,-0.18404144
555,0.008787586,-0.054148484,-0.054148484,-0.017071087
556,0.008789117,0.096215405,0.096215405,0.17563087
557,0.008790665,0.2131431,-0.011554994,0.2131431
558,0.008792163,0.25733113,0.25733113,0.13794369
559,0.008793672,0.23490092,0.23490092,0.1335499
560,0.008795178,0.16650519,-0.014995114,0.16650519
561,0.008796713,0.07937425,0.07937425,0.1639505
562,0.008798267,0.010340093,0.010340093,0.13964614
563,0.008799791,-0.004200371,-0.013321772,-0.004200371
564,0.008801247,0.054126766,0.054126766,-0.053235695
565,0.008802712,0.13564499,0.13564499,-0.006418884
566,0.008804245,0.17335732,-0.012051736,0.17335732
567,0.008805899,0.12076641,0.12076641,0.23912044
568,0.008807563,0.018297678,0.018297678,0.12073227
569,0.008809199,-0.06472832,-0.013772796,-0.06472832
570,0.008810792,-0.08288054,-0.08288054,-0.07854463
571,0.00881236,-0.057351585,-0.057351585,0.008914116
572,0.008813917,-0.018370543,-0.012219851,-0.018370543
573,0.008815485,0.006658869,0.006658869,0.10055039
574,0.008817092,0.021471398,0.021471398,0.1249383
575,0.008818748,0.042832687,-0.008847285,0.042832687
576,0.008820454,0.08147096,0.08147096,0.04116266
577,0.008822133,0.12948275,0.12948275,0.21927375
578,0.008823759,0.17550407,-0.012774342,0.17550407
579,0.008825365,0.20826595,0.20826595,0.22145785
580,0.008826914,0.21330427,0.21330427,0.21421354
581,0.008828483,0.17221218,-0.015911777,0.17221218
582,0.008830072,0.0741061,0.0741061,0.02867038
583,0.008831652,-0.042675134,-0.042675134,-0.04382299
584,0.008833234,-0.1324072,-0.015705053,-0.1324072
585,0.008834857,-0.16629158,-0.16629158,-0.24762243
586,0.008836505,-0.14816633,-0.14816633,-0.2278013
587,0.00883819,-0.08735282,-0.015818685,-0.08735282
588,0.00883985,0.010416423,0.010416423,0.02112429
589,0.008841492,0.1411523,0.1411523,0.15247066
590,0.008843115,0.30415028,-0.0136519065,0.30415028
591,0.008844677,0.49010673,0.49010673,0.4848249
592,0.008846186,0.629115,0.629115,0.68274534
593,0.008847735,0.6318827,-0.012408016,0.6318827
594,0.00884934,0.44211087,0.44211087,0.24236515
595,0.00885095,0.14044878,0.14044878,0.012102798
596,0.008852585,-0.1661754,-0.014200432,-0.1661754
597,0.008854224,-0.3906248,-0.3906248,-0.5348977
598,0.008855819,-0.5316262,-0.5316262,-0.66258454
599,0.008857413,-0.60507035,-0.014929894,-0.60507035
600,0.008858968,-0.6125016,-0.6125016,-0.7069892
601,0.008860541,-0.560842,-0.560842,-0.6709298
602,0.008862146,-0.46018288,-0.014206978,-0.46018288
603,0.008863682,-0.32364434,-0.32364434,-0.21484604
604,0.008865199,-0.17094158,-0.17094158,-0.075145595
605,0.008866752,-0.013344732,-0.013171221,-0.013344732
606,0.008868312,0.1283953,0.1283953,0.17150642
607,0.008869837,0.23039767,0.23039767,0.2809026
608,0.00887136,0.2577866,-0.013962862,0.2577866
609,0.00887291,0.19273292,0.19273292,0.32537213
610,0.008874463,0.074967116,0.074967116,0.17138651
611,0.008876039,-0.05199423,-0.012308024,-0.05199423
612,0.008877621,-0.14658454,-0.14658454,-0.07042351
613,0.008879223,-0.20850365,-0.20850365,-0.1869264
614,0.008880827,-0.25131732,-0.014999209,-0.25131732
615,0.008882408,-0.27956107,-0.27956107,-0.33710802
616,0.00888398,-0.26790646,-0.26790646,-0.36261255
617,0.00888554,-0.18262208,-0.016193135,-0.18262208
618,0.008887114,-0.005485484,-0.005485484,0.13297783
619,0.008888729,0.21910428,0.21910428,0.37342155
620,0.008890367,0.42408168,-0.008670136,0.42408168
621,0.008891997,0.54997385,0.54997385,0.41274732
622,0.008893633,0.5743186,0.5743186,0.17361976
623,0.008895255,0.4811644,-0.00391035,0.4811644
624,0.008896857,0.26703522,0.26703522,0.28249004
625,0.008898404,-0.011267214,-0.011267214,-0.17320445
626,0.008899932,-0.26622078,-0.00211801,-0.26622078
627,0.008901463,-0.4188868,-0.4188868,-0.34288087
628,0.008902984,-0.45770144,-0.45770144,-0.35098526
629,0.008904509,-0.3853206,-0.0015694741,-0.3853206
630,0.008906013,-0.21836855,-0.21836855,-0.22872132
631,0.008907473,-0.019131586,-0.019131586,-0.010826421
632,0.008908942,0.15538904,-0.0020924602,0.15538904
633,0.008910463,0.26290584,0.26290584,0.28609058
634,0.008912047,0.30866838,0.30866838,0.2909837
635,0.008913655,0.31170326,-0.0076155076,0.31170326
636,0.008915273,0.28911152,0.28911152,0.29946557
637,0.008916909,0.25315812,0.25315812,0.36045352
638,0.00891855,0.2118407,-0.0153623,0.2118407
639,0.008920207,0.16270776,0.16270776,0.22079141
640,0.008921875,0.059831608,0.059831608,0.0937592
641,0.008923565,-0.15790388,-0.015138712,-0.15790388
642,0.008925246,-0.5120919,-0.5120919,-0.5187489
643,0.008926858,-0.85866076,-0.85866076,-0.873187
644,0.008928421,-1.0,-0.011177973,-1.0
645,0.008929967,-0.8052717,-0.8052717,-0.7385202
646,0.008931516,-0.4250089,-0.4250089,-0.2871428
647,0.008933032,-0.08828367,-0.014489362,-0.08828367
648,0.008934524,0.02416569,0.02416569,-0.0029461298
649,0.008936014,-0.0016141904,-0.0016141904,0.08615414
650,0.008937486,-0.02829045,-0.01672186,-0.02829045
651,0.00893894,0.0314656,0.0314656,0.034431435
652,0.008940407,0.14943546,0.14943546,0.14442818
653,0.008941952,0.26685727,-0.019530198,0.26685727
654,0.008943527,0.3409239,0.3409239,0.3468633
655,0.008945071,0.3654756,0.3654756,0.3353618
656,0.008946629,0.3415642,-0.016567629,0.3415642
657,0.008948196,0.2749949,0.2749949,0.20194241
658,0.008949735,0.18390045,0.18390045,0.14444195
659,0.008951254,0.08757253,-0.010692673,0.08757253
660,0.008952749,0.013382408,0.013382408,0.015524439
661,0.008954233,-0.024218839,-0.024218839,0.0068381303
662,0.008955716,-0.018404946,-0.0060404222,-0.018404946
663,0.008957217,0.033071186,0.033071186,-0.0072298152
664,0.008958736,0.10127017,0.10127017,0.07043189
665,0.008960268,0.15301324,-0.002051536,0.15301324
666,0.008961819,0.16483186,0.16483186,0.15533301
667,0.008963391,0.14364867,0.14364867,0.18595968
668,0.008964943,0.10234033,-0.008115005,0.10234033
669,0.008966441,0.05269808,0.05269808,0.022916203
670,0.008967922,0.006714679,0.006714679,-0.02184428
671,0.008969406,-0.022885222,-0.009912039,-0.022885222
672,0.0089709,-0.026904166,-0.026904166,-0.15366836
673,0.008972453,-0.011895669,-0.011895669,-0.12776475
674,0.00897401,0.01021259,-0.013769829,0.01021259
675,0.008975553,0.029063705,0.029063705,0.1291866
676,0.008977107,0.04201468,0.04201468,0.1354814
677,0.008978693,0.047527246,-0.016097946,0.047527246
678,0.008980287,0.04570544,0.04570544,-0.062045854
679,0.008981841,0.044711474,0.044711474,-0.048424166
680,0.008983377,0.055893112,-0.017389197,0.055893112
681,0.0089849,0.08468534,0.08468534,0.18423952
682,0.008986361,0.11462296,0.11462296,0.2297844
683,0.008987801,0.12264606,-0.011903018,0.12264606
684,0.008989247,0.09349053,0.09349053,0.048617333
685,0.008990717,0.052946407,0.052946407,0.013640128
686,0.008992223,0.033037614,-0.009340461,0.033037614
687,0.00899376,0.052011088,0.052011088,0.027662858
688,0.008995339,0.07948636,0.07948636,0.123676196
689,0.008996937,0.079514325,-0.0030603074,0.079514325
690,0.00899849,0.03215979,0.03215979,0.019292077
691,0.009000038,-0.02402111,-0.02402111,-0.13338819
692,0.009001605,-0.030729143,-0.0032952847,-0.030729143
693,0.009003202,0.055338383,0.055338383,-0.040747344
694,0.009004776,0.1873085,0.1873085,0.15056866
695,0.00900631,0.28405195,-0.0047856336,0.28405195
696,0.009007824,0.2844749,0.2844749,0.25787312
697,0.009009365,0.22046763,0.22046763,0.1786613
698,0.009010985,0.1398103,-0.004112416,0.1398103
699,0.009012612,0.082839586,0.082839586,0.06392576
700,0.009014188,0.05348689,0.05348689,0.046595413
701,0.009015745,0.043030262,-0.009627727,0.043030262
702,0.009017322,0.039742604,0.039742604,0.0306982
703,0.009018887,0.018515361,0.018515361,0.044377882
704,0.009020462,-0.055022694,-0.010384187,-0.055022694
705,0.009022065,-0.19363669,-0.19363669,-0.25297457
706,0.009023651,-0.32019374,-0.32019374,-0.29727897
707,0.009025157,-0.3518365,-0.014225869,-0.3518365
708,0.009026639,-0.2325107,-0.2325107,-0.16312137
709,0.009028093,-0.022651905,-0.022651905,0.05403829
710,0.009029545,0.19199695,-0.015177449,0.19199695
711,0.009031079,0.33550635,0.33550635,0.27487615
712,0.009032628,0.3760931,0.3760931,0.27247873
713,0.009034172,0.30825016,-0.014911214,0.30825016
714,0.009035717,0.14665188,0.14665188,0.25122544
715,0.009037275,-0.025755139,-0.025755139,0.0693074
716,0.009038846,-0.11801096,-0.0062758676,-0.11801096
717,0.009040423,-0.063962355,-0.063962355,-0.095567316
718,0.009041972,0.06525657,0.06525657,-0.0016388096
719,0.009043497,0.14740652,-0.005194324,0.14740652
720,0.009044995,0.0960878,0.0960878,0.17073186
721,0.009046461,-0.038451996,-0.038451996,0.019527001
722,0.009047917,-0.16883427,-0.0051712263,-0.16883427
723,0.009049402,-0.22416705,-0.22416705,-0.32737586
724,0.009050908,-0.21652244,-0.21652244,-0.28975254
725,0.009052414,-0.17944124,-0.010397743,-0.17944124
726,0.009053974,-0.14184505,-0.14184505,-0.14072983
727,0.00905557,-0.12372984,-0.12372984,-0.18939753
728,0.00905716,-0.1416302,-0.012572378,-0.1416302
729,0.009058789,-0.20231822,-0.20231822,-0.1470089
730,0.009060414,-0.262659,-0.262659,-0.16078785
731,0.00906201,-0.26344,-0.013558188,-0.26344
732,0.009063632,-0.16374546,-0.16374546,-0.2593362
733,0.009065214,-0.018037183,-0.018037183,-0.07477601
734,0.009066788,0.082511336,-0.0131274,0.082511336
735,0.009068368,0.07032385,0.07032385,0.2593908
736,0.009069945,-0.03322906,-0.03322906,0.110550895
737,0.00907154,-0.17723256,-0.011630831,-0.17723256
738,0.009073155,-0.31797853,-0.31797853,-0.32852098
739,0.009074798,-0.39795598,-0.39795598,-0.48594594
740,0.009076435,-0.3695492,-0.013043449,-0.3695492
741,0.009078056,-0.20458901,-0.20458901,-0.38584748
742,0.009079668,0.031214893,0.031214893,-0.17270708
743,0.009081247,0.25181913,-0.013288321,0.25181913
744,0.009082769,0.38164887,0.38164887,0.35574913
745,0.009084281,0.41204286,0.41204286,0.4795553
746,0.009085806,0.35340482,-0.01052708,0.35340482
747,0.009087349,0.22781907,0.22781907,0.23131485
748,0.009088891,0.08389745,0.08389745,0.1345358
749,0.009090446,-0.02322139,-0.014332165,-0.02322139
750,0.009092008,-0.058989134,-0.058989134,-0.13501595
751,0.009093553,-0.043649726,-0.043649726,-0.1424028
752,0.009095093,-0.004212166,-0.014187025,-0.004212166
753,0.009096692,0.032959953,0.032959953,-0.017692309
754,0.009098311,0.04340921,0.04340921,0.051297832
755,0.009099899,0.0034115752,-0.014335986,0.0034115752
756,0.009101487,-0.09600859,-0.09600859,-0.10719165
757,0.00910306,-0.19939779,-0.19939779,-0.10848325
758,0.009104622,-0.23966841,-0.011598997,-0.23966841
759,0.009106085,-0.1713581,-0.1713581,-0.19724734
760,0.009107513,-0.05657547,-0.05657547,-0.05406137
761,0.009108991,0.005792274,-0.013200577,0.005792274
762,0.009110543,-0.04511185,-0.04511185,0.018529309
763,0.009112099,-0.15068002,-0.15068002,-0.09846308
764,0.009113669,-0.22535276,-0.012072061,-0.22535276
765,0.009115282,-0.21262689,-0.21262689,-0.15178503
766,0.009116873,-0.1468378,-0.1468378,-0.20548543
767,0.009118359,-0.06798188,-0.01215291,-0.06798188
768,0.009119817,-0.01204097,-0.01204097,-0.053730115
769,0.009121294,0.020301735,0.020301735,-0.012907321
770,0.009122767,0.043825466,-0.019696949,0.043825466
771,0.009124261,0.06843437,0.06843437,0.14647861
772,0.009125808,0.08032044,0.08032044,0.06350014
773,0.009127336,0.06411154,-0.020230925,0.06411154
774,0.009128851,0.01829342,0.01829342,0.26916522
775,0.009130385,-0.01927062,-0.01927062,0.21296617
776,0.009131963,0.0021140843,-0.017034438,0.0021140843
777,0.009133544,0.1147132,0.1147132,0.052543227
778,0.009135095,0.2737104,0.2737104,0.30490616
779,0.009136576,0.39703885,-0.011155045,0.39703885
780,0.009138035,0.4242166,0.4242166,0.34227195
781,0.009139528,0.3457998,0.3457998,0.29492533
782,0.009140993,0.15807052,-0.009001169,0.15807052
783,0.0091424,-0.1146267,-0.1146267,-0.4093635
784,0.009143797,-0.36392426,-0.36392426,-0.5331176
785,0.009145251,-0.47658828,-0.006300743,-0.47658828
786,0.009146789,-0.40111992,-0.40111992,-0.28591412
787,0.009148286,-0.20913737,-0.20913737,-0.18727437
788,0.009149706,-0.018713592,-0.0067296783,-0.018713592
789,0.00915115,0.08438449,0.08438449,0.120080575
790,0.009152651,0.11366906,0.11366906,0.15540968
791,0.009154216,0.09394498,-0.0042530857,0.09394498
792,0.009155767,0.047193028,0.047193028,0.089022376
793,0.009157318,0.0017831508,0.0017831508,0.0067368867
794,0.009158839,-0.018953431,-0.007095311,-0.018953431
795,0.009160384,-0.004750395,-0.004750395,-0.021388192
796,0.009161904,0.023923095,0.023923095,-0.031486012
797,0.009163428,0.032059584,-0.009333611,0.032059584
798,0.009165002,-0.008492662,-0.008492662,-0.035438444
799,0.009166609,-0.079106785,-0.079106785,-0.10765364
800,0.009168221,-0.1488873,-0.011318279,-0.1488873
801,0.009169774,-0.19456962,-0.19456962,-0.16286384
802,0.009171318,-0.20226353,-0.20226353,-0.101326406
803,0.009172838,-0.16358237,-0.018756902,-0.16358237
804,0.009174332,-0.072766006,-0.072766006,-0.1272251
805,0.009175839,0.04364293,0.04364293,-0.050190523
806,0.009177383,0.14594586,-0.018995155,0.14594586
807,0.009178955,0.20238912,0.20238912,0.1222175
808,0.009180528,0.22193556,0.22193556,0.4117919
809,0.00918211,0.21768333,-0.0141707435,0.21768333
810,0.009183675,0.19945827,0.19945827,0.19052449
811,0.009185236,0.16372518,0.16372518,0.1987154
812,0.009186826,0.10248974,-0.005565333,0.10248974
813,0.00918846,0.012117944,0.012117944,0.132046
814,0.009190081,-0.091173366,-0.091173366,0.04647058
815,0.009191609,-0.18785529,-0.007986857,-0.18785529
816,0.00919312,-0.25520322,-0.25520322,-0.17379029
817,0.00919467,-0.26817286,-0.26817286,-0.27602273
818,0.009196233,-0.19744787,-0.011990938,-0.19744787
819,0.009197827,-0.029772265,-0.029772265,0.019533882
820,0.009199456,0.14721538,0.14721538,0.13108958
821,0.009201079,0.22767892,-0.015748998,0.22767892
822,0.009202668,0.16368346,0.16368346,0.24663901
823,0.009204236,0.0069586877,0.0069586877,0.07807234
824,0.00920581,-0.15453139,-0.014657284,-0.15453139
825,0.009207361,-0.24459988,-0.24459988,-0.2414387
826,0.009208911,-0.24418499,-0.24418499,-0.25882608
827,0.009210473,-0.1528132,-0.013674226,-0.1528132
828,0.009212011,0.0086322995,0.0086322995,0.09293353
829,0.009213532,0.16729425,0.16729425,0.20628802
830,0.00921509,0.2421784,-0.013861882,0.2421784
831,0.009216679,0.179031,0.179031,0.14484397
832,0.009218303,0.035595782,0.035595782,0.014257419
833,0.009219989,-0.10624213,-0.018349577,-0.10624213
834,0.009221699,-0.17898172,-0.17898172,-0.16341133
835,0.009223397,-0.19348215,-0.19348215,-0.22834978
836,0.009225017,-0.1757267,-0.019265456,-0.1757267
837,0.00922656,-0.14660339,-0.14660339,-0.12708946
838,0.009228099,-0.108900286,-0.108900286,-0.08136864
839,0.00922968,-0.05959045,-0.016084231,-0.05959045
840,0.009231275,-0.001529324,-0.001529324,-0.10122811
841,0.009232877,0.044676,0.044676,-0.052312706
842,0.009234467,0.056438647,-0.013322185,0.056438647
843,0.00923608,0.024874631,0.024874631,0.068668485
844,0.009237671,-0.03799557,-0.03799557,0.063172825
845,0.009239219,-0.118525036,-0.010427928,-0.118525036
846,0.009240752,-0.19594094,-0.19594094,-0.20681536
847,0.009242278,-0.23765557,-0.23765557,-0.24110745
848,0.009243837,-0.20858073,-0.0014581082,-0.20858073
849,0.00924538,-0.09002627,-0.09002627,-0.104464956
850,0.009246945,0.061201304,0.061201304,0.046518743
851,0.009248557,0.17390974,-0.0032001256,0.17390974
852,0.009250124,0.20329636,0.20329636,0.1808287
853,0.009251654,0.16507788,0.16507788,0.1526584
854,0.009253177,0.08677536,-0.010245347,0.08677536
855,0.009254722,-0.0008955194,-0.0008955194,0.020206219
856,0.009256275,-0.075815275,-0.075815275,-0.08406585
857,0.0092578,-0.113742016,-0.011220934,-0.113742016
858,0.009259373,-0.09857936,-0.09857936,-0.036965948
859,0.009260912,-0.060042545,-0.060042545,-0.009686202
860,0.009262387,-0.03297616,-0.0093293525,-0.03297616
861,0.009263862,-0.04054874,-0.04054874,-0.045532335
862,0.009265365,-0.06117099,-0.06117099,-0.07671438
863,0.00926689,-0.06097149,-0.013792911,-0.06097149
864,0.009268396,-0.015353795,-0.015353795,0.02423532
865,0.009269941,0.057921972,0.057921972,0.09044569
866,0.009271528,0.13120754,-0.014056429,0.13120754
867,0.009273109,0.18538007,0.18538007,0.17108671
868,0.009274663,0.20017254,0.20017254,0.16109996
869,0.009276235,0.15231438,-0.014872727,0.15231438
870,0.00927784,0.036967587,0.036967587,0.049463652
871,0.009279442,-0.094063826,-0.094063826,-0.10117208
872,0.009281052,-0.16334057,-0.009783922,-0.16334057
873,0.009282704,-0.1156415,-0.1156415,-0.0667699
874,0.00928436,-0.020453962,-0.020453962,-0.0790941
875,0.00928599,0.029715253,-0.00880884,0.029715253
876,0.009287593,-0.029850459,-0.029850459,-0.09635761
877,0.009289182,-0.1226906,-0.1226906,-0.12372877
878,0.009290787,-0.1349324,-0.0043312106,-0.1349324
879,0.009292354,0.015050972,0.015050972,-0.008689493
880,0.009293885,0.24130574,0.24130574,0.18027334
881,0.009295474,0.41016904,-0.0051651215,0.41016904
882,0.009297078,0.43199235,0.43199235,0.33205813
883,0.00929871,0.3444048,0.3444048,0.257073
884,0.009300348,0.20873065,-0.0031218128,0.20873065
885,0.009301947,0.084511176,0.084511176,0.023546273
886,0.009303545,-0.004250504,-0.004250504,-0.15106846
887,0.009305164,-0.043607723,-0.0045771124,-0.043607723
888,0.009306812,-0.01972547,-0.01972547,-0.008110536
889,0.009308478,0.03718314,0.03718314,-0.01698262
890,0.009310146,0.08284259,-0.006891579,0.08284259
891,0.009311778,0.082332216,0.082332216,0.13365607
892,0.009313399,0.04013707,0.04013707,0.054623146
893,0.00931505,-0.032810044,-0.006111587,-0.032810044
894,0.009316681,-0.12087043,-0.12087043,-0.13795201
895,0.009318294,-0.18743218,-0.18743218,-0.2168601
896,0.009319927,-0.18960394,-0.005995908,-0.18960394
897,0.00932159,-0.10512031,-0.10512031,-0.076373294
898,0.009323286,0.022533972,0.022533972,0.020829406
899,0.009325013,0.13850297,-0.010009262,0.13850297
900,0.009326683,0.19091246,0.19091246,0.20329101
901,0.009328322,0.17446974,0.17446974,0.20605801
902,0.009329916,0.09125957,-0.01716632,0.09125957
903,0.009331513,-0.05103108,-0.05103108,-0.11924161
904,0.009333068,-0.20868087,-0.20868087,-0.2958537
905,0.009334611,-0.32315114,-0.016856404,-0.32315114
906,0.009336166,-0.35159552,-0.35159552,-0.25051132
907,0.009337732,-0.33785412,-0.33785412,-0.28668475
908,0.009339331,-0.3368141,-0.010817084,-0.3368141
909,0.009340965,-0.38013682,-0.38013682,-0.43924904
910,0.009342645,-0.4253806,-0.4253806,-0.50062823
911,0.009344361,-0.41804588,-0.011661818,-0.41804588
912,0.009346019,-0.3254682,-0.3254682,-0.1728614
913,0.009347651,-0.20414318,-0.20414318,-0.122765474
914,0.009349277,-0.1359527,-0.016272832,-0.1359527
915,0.009350897,-0.18071449,-0.18071449,-0.12887941
916,0.009352536,-0.2673294,-0.2673294,-0.21422285
917,0.009354222,-0.27612397,-0.011309314,-0.27612397
918,0.009355903,-0.13398378,-0.13398378,0.0019214266
919,0.009357573,0.04985783,0.04985783,0.05200654
920,0.009359215,0.13533396,-0.0062309196,0.13533396
921,0.009360812,0.03157734,0.03157734,-0.113574915
922,0.009362416,-0.1664153,-0.1664153,-0.34404957
923,0.009364044,-0.3116005,-0.01013408,-0.3116005
924,0.009365719,-0.28359282,-0.28359282,-0.25124165
925,0.009367418,-0.15265706,-0.15265706,-0.14188872
926,0.009369092,-0.032857224,-0.0051979115,-0.032857224
927,0.00937074,-0.0018061774,-0.0018061774,0.102983184
928,0.009372372,-0.028480724,-0.028480724,0.11399809
929,0.009373926,-0.060372878,-0.003065499,-0.060372878
930,0.009375443,-0.052442897,-0.052442897,-0.04813911
931,0.009376999,-0.0042162677,-0.0042162677,-0.0282069
932,0.009378603,0.06879823,-0.0105976425,0.06879823
933,0.009380174,0.1541038,0.1541038,0.26248413
934,0.009381698,0.2498354,0.2498354,0.29267436
935,0.00938323,0.35179082,-0.0152252745,0.35179082
936,0.009384772,0.454525,0.454525,0.44795552
937,0.009386222,0.52508605,0.52508605,0.44960687
938,0.00938765,0.5116515,-0.014547422,0.5116515
939,0.009389097,0.38328707,0.38328707,0.39824885
940,0.009390619,0.19191991,0.19191991,0.24016531
941,0.009392171,-0.0076947496,-0.0113376025,-0.0076947496
942,0.00939373,-0.16394515,-0.16394515,-0.12563568
943,0.009395275,-0.24965805,-0.24965805,-0.28206885
944,0.009396856,-0.2635039,-0.011040311,-0.2635039
945,0.009398449,-0.20461452,-0.20461452,-0.07862425
946,0.009400059,-0.110041186,-0.110041186,-0.09001366
947,0.009401676,-0.042308267,-0.007292904,-0.042308267
948,0.009403298,-0.05044031,-0.05044031,-0.20781109
949,0.009404908,-0.1068053,-0.1068053,-0.23281825
950,0.009406464,-0.16714655,-0.007191853,-0.16714655
951,0.009408014,-0.18911715,-0.18911715,-0.044900298
952,0.009409602,-0.15721662,-0.15721662,-0.054543998
953,0.009411142,-0.06281452,-0.0118102785,-0.06281452
954,0.009412622,0.08878617,0.08878617,-0.009836593
955,0.00941409,0.23626737,0.23626737,0.17243138
956,0.009415569,0.30796215,-0.013320804,0.30796215
957,0.009417122,0.26905808,0.26905808,0.22826083
958,0.009418651,0.17519292,0.17519292,0.18235914
959,0.009420159,0.114420764,-0.010132325,0.114420764
960,0.00942169,0.13316385,0.13316385,0.07785806
961,0.009423199,0.16755272,0.16755272,0.105614536
962,0.009424708,0.13220917,-0.0075553637,0.13220917
963,0.009426254,-0.03671211,-0.03671211,0.026230704
964,0.009427821,-0.2464121,-0.2464121,-0.19269335
965,0.009429396,-0.3749682,-0.0067886636,-0.3749682
966,0.009430991,-0.34050515,-0.34050515,-0.41178745
967,0.009432623,-0.20063047,-0.20063047,-0.30867624
968,0.009434273,-0.046445493,-0.014191387,-0.046445493
969,0.009435939,0.053356614,0.053356614,0.10185672
970,0.009437643,0.10564292,0.10564292,0.089417525
971,0.009439318,0.14191577,-0.012295943,0.14191577
972,0.00944095,0.18653624,0.18653624,0.11039657
973,0.009442503,0.22528815,0.22528815,0.22215968
974,0.009443997,0.23112613,-0.012347115,0.23112613
975,0.009445495,0.18548676,0.18548676,0.1808228
976,0.009447046,0.106866956,0.106866956,0.17985362
977,0.009448616,0.029265063,-0.0062500555,0.029265063
978,0.009450221,-0.021266593,-0.021266593,-0.054036796
979,0.009451792,-0.03898543,-0.03898543,-0.054597076
980,0.009453335,-0.025074245,-0.013839484,-0.025074245
981,0.009454872,0.016964037,0.016964037,-0.083449535
982,0.009456427,0.06502387,0.06502387,0.027999027
983,0.009458029,0.08610007,-0.014752393,0.08610007
984,0.009459604,0.053780075,0.053780075,0.13658918
985,0.009461147,-0.02054228,-0.02054228,0.014292805
986,0.009462677,-0.11681471,-0.014543114,-0.11681471
987,0.009464214,-0.21796933,-0.21796933,-0.27700174
988,0.009465746,-0.30628964,-0.30628964,-0.35089582
989,0.009467288,-0.36152148,-0.01291969,-0.36152148
990,0.009468862,-0.3640732,-0.3640732,-0.31343666
991,0.009470486,-0.31880838,-0.31880838,-0.3804953
992,0.009472156,-0.23355252,-0.014959242,-0.23355252
993,0.009473866,-0.11933007,-0.11933007,-0.15012778
994,0.009475562,-0.011182278,-0.011182278,0.04922578
995,0.009477249,0.051722467,-0.01738564,0.051722467
996,0.009478823,0.041307695,0.041307695,0.09432931
997,0.00948041,-0.015101477,-0.015101477,-0.03263213
998,0.009482087,-0.06877511,-0.014218603,-0.06877511
999,0.009483796,-0.07590046,-0.07590046,-0.11328101
1000,0.009485513,-0.044425726,-0.044425726,-0.18797225
1001,0.009487221,0.00288963,-0.009274175,0.00288963
1002,0.0094889,0.04292147,0.04292147,0.03860896
1003,0.009490584,0.064931735,0.064931735,0.0299374
1004,0.009492273,0.053548783,-0.0065225028,0.053548783
1005,0.00949394,-0.0003582058,-0.0003582058,-0.033336904
1006,0.009495607,-0.0627424,-0.0627424,-0.028219678
1007,0.009497301,-0.08819128,-0.005113489,-0.08819128
1008,0.009498968,-0.049153432,-0.049153432,-0.045676827
1009,0.009500575,0.021984559,0.021984559,0.008808941
1010,0.009502171,0.07832889,-0.008996241,0.07832889
1011,0.009503813,0.08470856,0.08470856,0.11517763
1012,0.009505521,0.055114508,0.055114508,0.13724382
1013,0.009507215,0.013712866,-0.01198286,0.013712866
1014,0.009508879,-0.018683782,-0.018683782,-0.121948645
1015,0.009510566,-0.045054793,-0.045054793,0.0011468639
1016,0.009512287,-0.07455386,-0.01795946,-0.07455386
1017,0.009514024,-0.116118856,-0.116118856,-0.06125065
1018,0.009515768,-0.17767966,-0.17767966,-0.1407367
1019,0.009517494,-0.26305962,-0.016555764,-0.26305962
1020,0.009519204,-0.36514193,-0.36514193,-0.38216633
1021,0.009520911,-0.43583763,-0.43583763,-0.47084883
1022,0.009522629,-0.4083786,-0.014796406,-0.4083786
1023,0.009524344,-0.2440967,-0.2440967,-0.121494524
1024,0.009525976,-0.040214706,-0.040214706,0.0828072
1025,0.009527606,0.06929167,-0.011732908,0.06929167
1026,0.009529255,0.0014754762,0.0014754762,-0.0085853
1027,0.00953089,-0.15868843,-0.15868843,-0.23858619
1028,0.00953253,-0.28747505,-0.007470755,-0.28747505
1029,0.009534203,-0.2849525,-0.2849525,-0.16671306
1030,0.009535843,-0.16984828,-0.16984828,-0.03843152
1031,0.009537397,0.022049244,-0.013543119,0.022049244
1032,0.009538918,0.2544875,0.2544875,0.2532287
1033,0.009540454,0.4556818,0.4556818,0.4454215
1034,0.009542038,0.5538927,-0.017288627,0.5538927
1035,0.009543671,0.49900717,0.49900717,0.47242403
1036,0.009545333,0.3564561,0.3564561,0.3360558
1037,0.00954698,0.22153944,-0.016664494,0.22153944
1038,0.009548606,0.14916994,0.14916994,0.19890511
1039,0.009550245,0.13415949,0.13415949,0.196433
1040,0.009551884,0.16161306,-0.013409372,0.16161306
1041,0.009553563,0.21157384,0.21157384,0.21150944
1042,0.009555208,0.2422715,0.2422715,0.22989252
1043,0.009556828,0.2054368,-0.014307729,0.2054368
1044,0.009558453,0.07814912,0.07814912,0.08458142
1045,0.009560047,-0.082024924,-0.082024924,-0.0748399
1046,0.00956162,-0.19300887,-0.01757021,-0.19300887
1047,0.009563196,-0.19746251,-0.19746251,-0.18720949
1048,0.009564763,-0.1398559,-0.1398559,-0.122698635
1049,0.009566369,-0.090990715,-0.016186038,-0.090990715
1050,0.009567956,-0.09862578,-0.09862578,-0.12231332
1051,0.009569492,-0.13860923,-0.13860923,-0.16167349
1052,0.00957104,-0.17106654,-0.010777074,-0.17106654
1053,0.009572642,-0.1685227,-0.1685227,-0.13962401
1054,0.009574269,-0.14273892,-0.14273892,-0.12108758
1055,0.009575924,-0.11449496,-0.0058453456,-0.11449496
1056,0.00957757,-0.10167655,-0.10167655,-0.14066593
1057,0.00957923,-0.09960903,-0.09960903,-0.1495626
1058,0.009580846,-0.09891327,-0.0069516893,-0.09891327
1059,0.009582388,-0.09327038,-0.09327038,-0.036782134
1060,0.009583899,-0.08804722,-0.08804722,-0.11385997
1061,0.009585395,-0.09234718,-0.010491637,-0.09234718
1062,0.009586896,-0.10755668,-0.10755668,-0.23378646
1063,0.009588451,-0.10332581,-0.10332581,-0.11937332
1064,0.009590084,-0.04335314,-0.015007444,-0.04335314
1065,0.009591725,0.0833174,0.0833174,0.088286154
1066,0.009593301,0.23019117,0.23019117,0.1535981
1067,0.00959484,0.3418532,-0.016885819,0.3418532
1068,0.009596376,0.37423465,0.37423465,0.33609116
1069,0.009597898,0.31548885,0.31548885,0.30038953
1070,0.009599385,0.15478353,-0.013978783,0.15478353
1071,0.009600913,-0.08917486,-0.08917486,-0.055812
1072,0.009602472,-0.31820527,-0.31820527,-0.23703018
1073,0.009604068,-0.4446867,0.002211187,-0.4446867
1074,0.009605649,-0.41588342,-0.41588342,-0.5516462
1075,0.0096072,-0.2931687,-0.2931687,-0.41023046
1076,0.009608751,-0.1662039,-0.005049481,-0.1662039
1077,0.009610315,-0.094052285,-0.094052285,-0.01780535
1078,0.009611906,-0.067107275,-0.067107275,-0.015245753
1079,0.00961352,-0.051696397,-0.012347564,-0.051696397
1080,0.009615155,-0.017643578,-0.017643578,-0.08318512
1081,0.009616822,0.04043996,0.04043996,0.05968434
1082,0.009618496,0.12349927,-0.014061669,0.12349927
1083,0.009620134,0.22663137,0.22663137,0.20073928
1084,0.009621741,0.3187576,0.3187576,0.30388096
1085,0.00962336,0.35800698,-0.011086329,0.35800698
1086,0.009624974,0.31649104,0.31649104,0.2813793
1087,0.009626578,0.23382647,0.23382647,0.27609894
1088,0.009628173,0.17277835,-0.009922307,0.17277835
1089,0.009629763,0.17795919,0.17795919,0.23568995
1090,0.00963138,0.21896252,0.21896252,0.24863145
1091,0.009633013,0.25264087,-0.0073451786,0.25264087
1092,0.009634642,0.24575953,0.24575953,0.29449186
1093,0.009636247,0.20804918,0.20804918,0.2777306
1094,0.009637889,0.15933065,-0.005260956,0.15933065
1095,0.009639565,0.11569062,0.11569062,0.21057957
1096,0.009641191,0.080449395,0.080449395,0.120037325
1097,0.009642707,0.0552542,-0.0024669375,0.0552542
1098,0.009644223,0.04092184,0.04092184,0.111376576
1099,0.009645769,0.035181288,0.035181288,0.09549214
1100,0.009647324,0.03502022,-0.012485692,0.03502022
1101,0.009648876,0.03893821,0.03893821,0.05569259
1102,0.009650442,0.04925975,0.04925975,0.09171664
1103,0.009652044,0.06783888,-0.018551575,0.06783888
1104,0.009653647,0.09280747,0.09280747,0.09974142
1105,0.009655277,0.100797616,0.100797616,0.18322316
1106,0.009656858,0.060812764,-0.02104786,0.060812764
1107,0.009658409,-0.041719504,-0.041719504,0.00055807835
1108,0.009659963,-0.15890288,-0.15890288,-0.10392041
1109,0.009661539,-0.22396189,-0.01894147,-0.22396189
1110,0.009663123,-0.18613406,-0.18613406,-0.21461013
1111,0.009664695,-0.088645875,-0.088645875,-0.09038423
1112,0.009666306,-0.0047321455,-0.018005084,-0.0047321455
1113,0.009667953,0.017868845,0.017868845,0.016020827
1114,0.009669553,-0.009059731,-0.009059731,-0.03841776
1115,0.009671122,-0.061960336,-0.015271481,-0.061960336
1116,0.009672633,-0.11569384,-0.11569384,-0.09521149
1117,0.009674136,-0.14522775,-0.14522775,-0.102137335
1118,0.009675663,-0.12578705,-0.014825838,-0.12578705
1119,0.009677201,-0.040916268,-0.040916268,-0.09803648
1120,0.00967869,0.06592924,0.06592924,0.012235495
1121,0.009680119,0.1454996,-0.012948925,0.1454996
1122,0.009681558,0.163149,0.163149,0.12596056
1123,0.009683037,0.12479638,0.12479638,-0.012206479
1124,0.009684457,0.03956832,-0.009887651,0.03956832
1125,0.009685851,-0.077369384,-0.077369384,0.0007015887
1126,0.009687275,-0.18655881,-0.18655881,-0.07832347
1127,0.009688786,-0.25286546,-0.0072389552,-0.25286546
1128,0.00969038,-0.2572833,-0.2572833,-0.29257458
1129,0.009691951,-0.21088392,-0.21088392,-0.25286743
1130,0.009693482,-0.14052635,-0.0042226347,-0.14052635
1131,0.009694999,-0.06768953,-0.06768953,0.07037095
1132,0.009696529,-0.0077024004,-0.0077024004,0.045611482
1133,0.009698117,0.02017673,-0.008295077,0.02017673
1134,0.009699763,0.0012080527,0.0012080527,-0.09037145
1135,0.009701431,-0.018953787,-0.018953787,-0.13081287
1136,0.009703116,0.017947404,-0.011671955,0.017947404
1137,0.009704717,0.13950227,0.13950227,0.3545932
1138,0.009706224,0.27322584,0.27322584,0.40093523
1139,0.009707728,0.3154286,-0.012190872,0.3154286
1140,0.009709224,0.180751,0.180751,0.15240283
1141,0.009710705,-0.0379843,-0.0379843,-0.0402195
1142,0.009712187,-0.19009444,-0.012581396,-0.19009444
1143,0.009713717,-0.16924037,-0.16924037,-0.20414469
1144,0.009715312,-0.059529897,-0.059529897,-0.08719162
1145,0.00971694,0.047316894,-0.009386052,0.047316894
1146,0.009718539,0.084228344,0.084228344,0.044909656
1147,0.009720111,0.06671509,0.06671509,0.04536476
1148,0.009721647,0.029163819,-0.006468775,0.029163819
1149,0.009723159,-8.430207e-05,-8.430207e-05,0.006488201
1150,0.009724689,-0.008782873,-0.008782873,-0.02532293
1151,0.009726272,0.012014332,-0.007436713,0.012014332
1152,0.009727934,0.062948786,0.062948786,0.15138254
1153,0.00972962,0.1227896,0.1227896,0.19782485
1154,0.009731274,0.16702811,-0.013040312,0.16702811
1155,0.009732896,0.18216524,0.18216524,0.19547266
1156,0.009734528,0.18574485,0.18574485,0.24266101
1157,0.009736136,0.20371369,-0.015334566,0.20371369
1158,0.009737719,0.25154313,0.25154313,0.3261349
1159,0.009739255,0.27702352,0.27702352,0.33241987
1160,0.009740769,0.21065821,-0.01670222,0.21065821
1161,0.009742302,0.024444895,0.024444895,-0.022987448
1162,0.00974386,-0.18463095,-0.18463095,-0.18806367
1163,0.009745454,-0.28265566,-0.02161865,-0.28265566
1164,0.009747033,-0.19313405,-0.19313405,-0.37843996
1165,0.009748549,-0.017701041,-0.017701041,-0.14352828
1166,0.00975005,0.11782962,-0.023239395,0.11782962
1167,0.009751584,0.1279382,0.1279382,0.34543017
1168,0.009753174,0.052609064,0.052609064,0.114259556
1169,0.009754777,-0.029723588,-0.026046358,-0.029723588
1170,0.009756349,-0.05092765,-0.05092765,-0.10212063
1171,0.009757909,-0.02439979,-0.02439979,-0.10099417
1172,0.009759428,0.02082056,-0.020821074,0.02082056
1173,0.009760929,0.064390525,0.064390525,0.07055181
1174,0.00976246,0.102488264,0.102488264,0.0931026
1175,0.009764049,0.1341436,-0.008436895,0.1341436
1176,0.009765704,0.15695018,0.15695018,0.07727124
1177,0.009767332,0.1613278,0.1613278,0.15628548
1178,0.009768933,0.13646041,-0.005034091,0.13646041
1179,0.009770481,0.08010617,0.08010617,0.08991391
1180,0.00977201,0.01814244,0.01814244,0.011264344
1181,0.009773538,-0.011908646,-0.0051214145,-0.011908646
1182,0.009775062,0.019883197,0.019883197,-0.032496482
1183,0.009776546,0.07288864,0.07288864,0.053175263
1184,0.009778034,0.09045257,-0.004622114,0.09045257
1185,0.009779585,0.042089242,0.042089242,0.077866904
1186,0.00978117,-0.026498683,-0.026498683,-1.3014209e-05
1187,0.009782735,-0.055744175,-0.0050932793,-0.055744175
1188,0.009784297,-0.0076577724,-0.0076577724,-0.035922054
1189,0.009785907,0.06857473,0.06857473,0.049059663
1190,0.009787562,0.11006335,-0.0033010999,0.11006335
1191,0.0097892,0.06879414,0.06879414,0.061976574
1192,0.009790798,-0.025272759,-0.025272759,-0.055426683
1193,0.009792327,-0.11108806,-0.005508996,-0.11108806
1194,0.009793848,-0.14548577,-0.14548577,-0.2199033
1195,0.009795391,-0.13976495,-0.13976495,-0.2031234
1196,0.009796982,-0.11940183,-0.0089030415,-0.11940183
1197,0.009798619,-0.10784889,-0.10784889,-0.13281219
1198,0.009800257,-0.10230256,-0.10230256,-0.12913007
1199,0.009801902,-0.09434649,-0.010192059,-0.09434649
1200,0.009803564,-0.07922983,-0.07922983,-0.10332376
1201,0.009805244,-0.06381697,-0.06381697,-0.06535642
1202,0.009806876,-0.058781486,-0.012858773,-0.058781486
1203,0.009808461,-0.07128171,-0.07128171,-0.02052713
1204,0.009810056,-0.08556029,-0.08556029,-0.07597717
1205,0.009811682,-0.079644546,-0.012013003,-0.079644546
1206,0.009813355,-0.03198922,-0.03198922,-0.09090028
1207,0.009815008,0.074444585,0.074444585,0.025236944
1208,0.009816599,0.24756888,-0.014775947,0.24756888
1209,0.009818151,0.47068307,0.47068307,0.44145527
1210,0.009819697,0.64314365,0.64314365,0.5895747
1211,0.009821287,0.62957966,-0.018617809,0.62957966
1212,0.009822948,0.33516356,0.33516356,0.3051254
1213,0.009824605,-0.066773444,-0.066773444,-0.103806384
1214,0.009826262,-0.3442678,-0.017731428,-0.3442678
1215,0.009827912,-0.37006494,-0.37006494,-0.450318
1216,0.009829552,-0.24185511,-0.24185511,-0.2737718
1217,0.009831174,-0.099334955,-0.020201955,-0.099334955
1218,0.009832775,-0.06114047,-0.06114047,-0.013777229
1219,0.009834377,-0.092800304,-0.092800304,-0.0228577
1220,0.009836029,-0.109573334,-0.021811895,-0.109573334
1221,0.009837695,-0.05056885,-0.05056885,-0.08569164
1222,0.009839336,0.05217978,0.05217978,0.087184265
1223,0.009840901,0.14483316,-0.018360153,0.14483316
1224,0.009842393,0.18759567,0.18759567,0.2338951
1225,0.009843845,0.1846961,0.1846961,0.16498064
1226,0.009845333,0.14798252,-0.013168972,0.14798252
1227,0.009846894,0.09051375,0.09051375,0.09595413
1228,0.009848495,0.02597996,0.02597996,0.009558929
1229,0.009850133,-0.03230481,-0.0064621624,-0.03230481
1230,0.009851759,-0.074322484,-0.074322484,-0.12041525
1231,0.00985337,-0.08795264,-0.08795264,-0.08694195
1232,0.009854996,-0.058021665,0.00042022858,-0.058021665
1233,0.009856625,0.02862096,0.02862096,0.06263417
1234,0.009858272,0.14242682,0.14242682,0.21620105
1235,0.00985993,0.23776102,-0.0022678238,0.23776102
1236,0.009861585,0.27513045,0.27513045,0.29011184
1237,0.009863247,0.26644966,0.26644966,0.19902404
1238,0.009864866,0.23397963,-0.003820504,0.23397963
1239,0.009866486,0.19673881,0.19673881,0.2069122
1240,0.009868121,0.15995641,0.15995641,0.19248646
1241,0.009869786,0.12604706,-0.0014693658,0.12604706
1242,0.009871461,0.09847168,0.09847168,0.058415357
1243,0.009873135,0.0839091,0.0839091,0.04637425
1244,0.009874824,0.08976843,-0.0027105445,0.08976843
1245,0.009876448,0.1149857,0.1149857,0.04824185
1246,0.009878042,0.12820937,0.12820937,0.076512404
1247,0.009879652,0.0877239,-0.0022293488,0.0877239
1248,0.009881238,-0.030379876,-0.030379876,-0.01315404
1249,0.009882806,-0.16855232,-0.16855232,-0.16485234
1250,0.009884401,-0.24966401,-0.002858793,-0.24966401
1251,0.00988605,-0.22027306,-0.22027306,-0.309152
1252,0.009887708,-0.1246582,-0.1246582,-0.18956856
1253,0.009889357,-0.018248659,-0.0019196281,-0.018248659
1254,0.009890986,0.05183141,0.05183141,0.11546465
1255,0.009892561,0.08917528,0.08917528,0.11694104
1256,0.009894097,0.108288154,-0.003339745,0.108288154
1257,0.009895665,0.11875176,0.11875176,-0.040620547
1258,0.009897287,0.114916764,0.114916764,-0.10293549
1259,0.009898901,0.08810136,-0.008786011,0.08810136
1260,0.00990048,0.036502294,0.036502294,0.20718841
1261,0.009902038,-0.017205838,-0.017205838,0.09833875
1262,0.009903606,-0.049483784,-0.006491415,-0.049483784
1263,0.009905183,-0.048578773,-0.048578773,-0.013067541
1264,0.009906777,-0.041740727,-0.041740727,-0.07154309
1265,0.009908384,-0.070805885,-0.011405204,-0.070805885
1266,0.009909989,-0.15774733,-0.15774733,-0.06605333
1267,0.009911607,-0.2579218,-0.2579218,-0.2609325
1268,0.009913223,-0.31444615,-0.012086243,-0.31444615
1269,0.009914857,-0.28609794,-0.28609794,-0.20197925
1270,0.009916467,-0.20660482,-0.20660482,-0.21424152
1271,0.00991805,-0.13130926,-0.010026678,-0.13130926
1272,0.009919649,-0.10228884,-0.10228884,-0.111282684
1273,0.009921223,-0.097932264,-0.097932264,-0.1196977
1274,0.009922789,-0.08062848,-0.0036059842,-0.08062848
1275,0.009924357,-0.027549988,-0.027549988,0.008949502
1276,0.009925894,0.01849727,0.01849727,0.029729998
1277,0.009927455,0.0029790783,-0.0060592676,0.0029790783
1278,0.009929007,-0.10253502,-0.10253502,-0.10371104
1279,0.009930516,-0.22152622,-0.22152622,-0.17367823
1280,0.009932016,-0.25853413,-0.01011024,-0.25853413
1281,0.009933552,-0.15191735,-0.15191735,-0.24830656
1282,0.00993513,0.024226215,0.024226215,-0.028500801
1283,0.009936715,0.17439531,-0.012537258,0.17439531
1284,0.00993827,0.21719256,0.21719256,0.47926438
1285,0.009939823,0.17052332,0.17052332,0.46717215
1286,0.009941388,0.0724371,-0.011153019,0.0724371
1287,0.009942977,-0.046287704,-0.046287704,-0.2361593
1288,0.009944608,-0.15188907,-0.15188907,-0.33041316
1289,0.009946218,-0.20471382,-0.008818166,-0.20471382
1290,0.009947813,-0.18233344,-0.18233344,0.01667547
1291,0.009949406,-0.11839073,-0.11839073,0.010026813
1292,0.009950981,-0.05772285,-0.008192761,-0.05772285
1293,0.009952554,-0.03332502,-0.03332502,-0.0861605
1294,0.00995413,-0.02393752,-0.02393752,-0.053514853
1295,0.009955757,0.0075124325,-0.011665671,0.0075124325
1296,0.009957399,0.08345604,0.08345604,0.07098038
1297,0.009959006,0.17057061,0.17057061,0.18531488
1298,0.009960622,0.22157778,-0.012058724,0.22157778
1299,0.009962228,0.20550904,0.20550904,0.17527111
1300,0.00996382,0.1443157,0.1443157,0.09993408
1301,0.009965344,0.07159177,-0.010107821,0.07159177
1302,0.009966828,0.020635882,0.020635882,0.035765294
1303,0.009968317,-0.003379127,-0.003379127,0.019338274
1304,0.009969867,-0.004592567,-0.0074357907,-0.004592567
1305,0.009971424,0.012143264,0.012143264,-0.033354595
1306,0.009972921,0.033637967,0.033637967,-0.0016122699
1307,0.009974414,0.045276295,-0.009693436,0.045276295
1308,0.009975948,0.038992852,0.038992852,0.11433131
1309,0.009977514,0.019164616,0.019164616,0.04546699
1310,0.009979118,-0.008105622,-0.012049572,-0.008105622
1311,0.00998072,-0.033028558,-0.033028558,-0.03335853
1312,0.009982354,-0.041511793,-0.041511793,-0.038301773
1313,0.009984008,-0.021115916,-0.010285713,-0.021115916
1314,0.009985643,0.036647715,0.036647715,0.12837763
1315,0.009987261,0.11065715,0.11065715,0.21079189
1316,0.009988829,0.16917782,-0.0069419825,0.16917782
1317,0.009990384,0.18835542,0.18835542,0.1618067
1318,0.009991954,0.19467254,0.19467254,0.17076135
1319,0.009993553,0.22861175,0.00066386536,0.22861175
1320,0.009995127,0.31281334,0.31281334,0.35359746
1321,0.009996669,0.39949897,0.39949897,0.41556543
1322,0.0099982,0.42719075,-0.0021605054,0.42719075
1323,0.009999706,0.35923105,0.35923105,0.27824274
1324,0.01000119,0.2199143,0.2199143,0.095883355
1325,0.010002673,0.049031157,-0.0066375546,0.049031157
1326,0.01000418,-0.10490358,-0.10490358,-0.109086774
1327,0.010005703,-0.20375678,-0.20375678,-0.21891741
1328,0.010007248,-0.21484113,-0.008247193,-0.21484113
1329,0.010008782,-0.12465093,-0.12465093,-0.11370663
1330,0.010010319,0.0067853425,0.0067853425,-0.002024125
1331,0.010011892,0.10795886,-0.0109661445,0.10795886
1332,0.010013503,0.1254503,0.1254503,0.13020886
1333,0.010015149,0.07960184,0.07960184,0.16369985
1334,0.010016812,0.013043479,-0.012553377,0.013043479
1335,0.010018456,-0.034432467,-0.034432467,-0.12063248
1336,0.010020119,-0.05175656,-0.05175656,-0.112298064
1337,0.010021781,-0.03310198,-0.01583804,-0.03310198
1338,0.010023429,0.023948621,0.023948621,0.08568429
1339,0.010025079,0.098668106,0.098668106,0.12912959
1340,0.010026708,0.16092697,-0.018373914,0.16092697
1341,0.010028312,0.18642516,0.18642516,0.117162205
1342,0.010029918,0.18096772,0.18096772,0.13859734
1343,0.010031546,0.15658724,-0.022572549,0.15658724
1344,0.010033129,0.12301941,0.12301941,0.19116832
1345,0.010034715,0.077081546,0.077081546,0.16347672
1346,0.010036312,0.013738423,-0.024084989,0.013738423
1347,0.010037937,-0.06357604,-0.06357604,-0.1585487
1348,0.010039537,-0.12032887,-0.12032887,-0.20896605
1349,0.010041125,-0.11192848,-0.023984449,-0.11192848
1350,0.010042703,-0.018301122,-0.018301122,0.10294387
1351,0.010044249,0.09531241,0.09531241,0.19888544
1352,0.010045812,0.1423699,-0.022855487,0.1423699
1353,0.010047395,0.065938964,0.065938964,0.06222526
1354,0.010048978,-0.047848806,-0.047848806,-0.095311746
1355,0.010050569,-0.08293448,-0.020578172,-0.08293448
1356,0.010052146,0.03272086,0.03272086,-0.07678122
1357,0.010053705,0.2103161,0.2103161,0.14333908
1358,0.010055228,0.33472487,-0.018577728,0.33472487
1359,0.010056753,0.31660157,0.31660157,0.37748408
1360,0.010058308,0.2050956,0.2050956,0.22293523
1361,0.010059855,0.086407736,-0.012690039,0.086407736
1362,0.010061429,0.030273108,0.030273108,-0.08209405
1363,0.010063035,0.029154869,0.029154869,-0.08158685
1364,0.010064659,0.057445187,-0.01024452,0.057445187
1365,0.010066289,0.091439396,0.091439396,0.2291504
1366,0.010067923,0.10332146,0.10332146,0.13118985
1367,0.010069561,0.06237172,-0.009633362,0.06237172
1368,0.010071199,-0.04690426,-0.04690426,-0.14863665
1369,0.01007285,-0.17106664,-0.17106664,-0.24307433
1370,0.010074527,-0.23124947,-0.011208979,-0.23124947
1371,0.010076167,-0.17456491,-0.17456491,-0.16583037
1372,0.010077678,-0.065483786,-0.065483786,0.0016255594
1373,0.010079173,0.0010279273,-0.010359153,0.0010279273
1374,0.010080724,-0.042944007,-0.042944007,-0.09923076
1375,0.010082281,-0.15390447,-0.15390447,-0.2327868
1376,0.01008386,-0.25893715,-0.010134233,-0.25893715
1377,0.010085443,-0.29475975,-0.29475975,-0.30445057
1378,0.010087007,-0.26988015,-0.26988015,-0.2557514
1379,0.010088584,-0.20358048,-0.014184969,-0.20358048
1380,0.010090195,-0.106607266,-0.106607266,-0.018178869
1381,0.010091784,-0.005616963,-0.005616963,0.075854816
1382,0.010093377,0.07198004,-0.009123305,0.07198004
1383,0.010094973,0.10234316,0.10234316,0.07616837
1384,0.010096521,0.08988635,0.08988635,0.04600466
1385,0.010098004,0.045413908,-0.008454107,0.045413908
1386,0.010099453,-0.019377496,-0.019377496,-0.04377974
1387,0.010100916,-0.07932542,-0.07932542,-0.1268565
1388,0.01010244,-0.11002353,-0.009554658,-0.11002353
1389,0.010104008,-0.09439586,-0.09439586,-0.047262322
1390,0.010105597,-0.05138227,-0.05138227,-0.05149981
1391,0.010107143,-0.006735393,-0.013461618,-0.006735393
1392,0.010108671,0.023369392,0.023369392,0.042091545
1393,0.010110188,0.038656328,0.038656328,0.17972486
1394,0.010111674,0.040870726,-0.00917032,0.040870726
1395,0.010113175,0.032257576,0.032257576,-0.040340405
1396,0.010114728,0.020450205,0.020450205,-0.08254817
1397,0.010116319,0.014932704,-0.0047309157,0.014932704
1398,0.010117902,0.021037184,0.021037184,0.06663477
1399,0.0101195,0.03284515,0.03284515,0.052858755
1400,0.010121105,0.04189692,-0.006999231,0.04189692
1401,0.010122692,0.0406925,0.0406925,-0.020297121
1402,0.010124273,0.021167748,0.021167748,-0.010241567
1403,0.010125894,-0.025760343,-0.011490769,-0.025760343
1404,0.0101275,-0.100446135,-0.100446135,-0.11190686
1405,0.010129096,-0.17715688,-0.17715688,-0.1447776
1406,0.010130622,-0.22102484,-0.0070242174,-0.22102484
1407,0.010132093,-0.20577581,-0.20577581,-0.24448289
1408,0.010133545,-0.13936387,-0.13936387,-0.103330635
1409,0.010134986,-0.03372517,-0.01136883,-0.03372517
1410,0.010136433,0.08928642,0.08928642,0.12792352
1411,0.0101379,0.1965803,0.1965803,0.27273235
1412,0.010139411,0.25175327,-0.01582104,0.25175327
1413,0.010140997,0.24223195,0.24223195,0.24198377
1414,0.010142585,0.19955157,0.19955157,0.17499392
1415,0.010144183,0.16184306,-0.016140286,0.16184306
1416,0.010145695,0.15570767,0.15570767,0.24361055
1417,0.010147206,0.16806383,0.16806383,0.14126015
1418,0.01014877,0.17447984,-0.010246163,0.17447984
1419,0.010150335,0.15372239,0.15372239,0.045456175
1420,0.010151859,0.11653306,0.11653306,0.096081905
1421,0.010153364,0.08284554,-0.009203152,0.08284554
1422,0.010154844,0.06625782,0.06625782,-0.013006599
1423,0.01015632,0.048886564,0.048886564,-0.02721314
1424,0.010157848,0.006202163,-0.012248206,0.006202163
1425,0.010159452,-0.07362023,-0.07362023,-0.20203725
1426,0.010161058,-0.1506967,-0.1506967,-0.1364599
1427,0.010162618,-0.17985311,-0.015259717,-0.17985311
1428,0.01016419,-0.13385351,-0.13385351,-0.2117645
1429,0.010165744,-0.045419235,-0.045419235,-0.13158743
1430,0.010167237,0.04183401,-0.013648275,0.04183401
1431,0.010168702,0.08572308,0.08572308,0.08625931
1432,0.010170143,0.08327627,0.08327627,0.119539954
1433,0.010171609,0.04987551,-0.011686067,0.04987551
1434,0.010173127,0.001492965,0.001492965,-0.06827283
1435,0.010174696,-0.033654112,-0.033654112,-0.07896336
1436,0.010176276,-0.027815687,-0.009974307,-0.027815687
1437,0.010177856,0.03080064,0.03080064,0.049538355
1438,0.010179419,0.11219641,0.11219641,0.10305691
1439,0.010180948,0.18067929,-0.01450511,0.18067929
1440,0.010182453,0.20309034,0.20309034,0.24887227
1441,0.010183943,0.17197153,0.17197153,0.11251286
1442,0.010185454,0.09085656,-0.01740879,0.09085656
1443,0.010187005,-0.028281506,-0.028281506,0.049674004
1444,0.010188573,-0.14894025,-0.14894025,-0.15928395
1445,0.010190139,-0.23124947,-0.014853038,-0.23124947
1446,0.010191686,-0.2540056,-0.2540056,-0.265919
1447,0.010193241,-0.24716136,-0.24716136,-0.3610359
1448,0.010194817,-0.25129572,-0.014159398,-0.25129572
1449,0.010196391,-0.29356956,-0.29356956,-0.38938215
1450,0.010197997,-0.33494496,-0.33494496,-0.34273636
1451,0.010199603,-0.31701165,-0.013634701,-0.31701165
1452,0.010201225,-0.20794608,-0.20794608,-0.23750396
1453,0.01020285,-0.06918592,-0.06918592,-0.08688592
1454,0.01020444,0.0125313625,-0.01630097,0.0125313625
1455,0.010205996,-0.024482425,-0.024482425,0.023242543
1456,0.010207577,-0.120724164,-0.120724164,-0.08180113
1457,0.010209169,-0.17953758,-0.017655607,-0.17953758
1458,0.010210727,-0.1285801,-0.1285801,-0.24813749
1459,0.010212274,0.0006581957,0.0006581957,-0.11939495
1460,0.010213829,0.14563918,-0.014218891,0.14563918
1461,0.01021542,0.25903592,0.25903592,0.34479713
1462,0.01021702,0.33155283,0.33155283,0.3456356
1463,0.010218569,0.355411,-0.011210983,0.355411
1464,0.010220102,0.32916802,0.32916802,0.35249558
1465,0.010221649,0.26743388,0.26743388,0.3143415
1466,0.010223224,0.18611991,-0.002681314,0.18611991
1467,0.010224843,0.09882385,0.09882385,0.06967699
1468,0.010226533,0.01752502,0.01752502,0.07109833
1469,0.010228174,-0.046122104,-0.0051735155,-0.046122104
1470,0.010229758,-0.08778511,-0.08778511,-0.057700243
1471,0.010231339,-0.10871472,-0.10871472,-0.048803583
1472,0.010232898,-0.11049829,-0.013410247,-0.11049829
1473,0.010234436,-0.09420834,-0.09420834,-0.07642343
1474,0.010235962,-0.060223296,-0.060223296,-0.09329769
1475,0.010237501,-0.013204171,-0.016934741,-0.013204171
1476,0.010239106,0.041643135,0.041643135,0.07329816
1477,0.010240742,0.09712433,0.09712433,0.06414692
1478,0.010242384,0.14309138,-0.017042886,0.14309138
1479,0.010244028,0.17036682,0.17036682,0.17181212
1480,0.01024569,0.16863663,0.16863663,0.18644232
1481,0.010247301,0.12628888,-0.015420457,0.12628888
1482,0.010248845,0.034120385,0.034120385,0.017825518
1483,0.01025037,-0.082590386,-0.082590386,-0.04975606
1484,0.010251938,-0.18614495,-0.008899064,-0.18614495
1485,0.010253564,-0.24433577,-0.24433577,-0.23620844
1486,0.010255144,-0.24580598,-0.24580598,-0.23578183
1487,0.01025671,-0.18670523,-0.012794001,-0.18670523
1488,0.010258247,-0.079401314,-0.079401314,-0.026679398
1489,0.010259753,0.029767688,0.029767688,0.06039108
1490,0.010261276,0.087638386,-0.012272119,0.087638386
1491,0.01026285,0.05440923,0.05440923,0.075526506
1492,0.010264452,0.00053392054,0.00053392054,0.070872255
1493,0.010266066,0.01812237,-0.012622119,0.01812237
1494,0.010267654,0.15851083,0.15851083,0.09638957
1495,0.010269229,0.33807802,0.33807802,0.2576824
1496,0.010270777,0.45306882,-0.009907239,0.45306882
1497,0.010272333,0.4183997,0.4183997,0.45795798
1498,0.010273935,0.26867515,0.26867515,0.29679686
1499,0.010275461,0.082097515,-0.009976208,0.082097515
1500,0.010276879,-0.07012059,-0.07012059,-0.11085412
1501,0.010278275,-0.17810765,-0.17810765,-0.24720173
1502,0.010279728,-0.24361397,-0.008716727,-0.24361397
1503,0.010281237,-0.2667442,-0.2667442,-0.15140562
1504,0.01028278,-0.23004694,-0.23004694,-0.11222238
1505,0.010284347,-0.12007417,-0.0069445977,-0.12007417
1506,0.010285936,0.047702003,0.047702003,-0.06813816
1507,0.010287534,0.21377079,0.21377079,0.11366192
1508,0.01028908,0.3073488,-0.004668655,0.3073488
1509,0.010290598,0.2542158,0.2542158,0.2749135
1510,0.010292143,0.068513386,0.068513386,0.01716596
1511,0.010293672,-0.20277937,-0.0060093906,-0.20277937
1512,0.010295221,-0.49760884,-0.49760884,-0.52360857
1513,0.010296785,-0.70826167,-0.70826167,-0.7181899
1514,0.010298357,-0.7204822,-0.0045883143,-0.7204822
1515,0.010299857,-0.49058765,-0.49058765,-0.4988481
1516,0.010301298,-0.13846613,-0.13846613,-0.19428474
1517,0.010302754,0.15394804,-0.009631226,0.15394804
1518,0.010304262,0.26184216,0.26184216,0.10164932
1519,0.010305826,0.22880934,0.22880934,0.12835404
1520,0.010307406,0.14968598,-0.011335654,0.14968598
1521,0.010308989,0.10816236,0.10816236,0.08483109
1522,0.010310546,0.117253825,0.117253825,0.123651624
1523,0.010312115,0.17907807,-0.015534999,0.17907807
1524,0.010313686,0.29021242,0.29021242,0.33613247
1525,0.010315225,0.39227125,0.39227125,0.4110773
1526,0.010316795,0.40029043,-0.015680676,0.40029043
1527,0.01031837,0.26244956,0.26244956,0.26156506
1528,0.010319938,0.06477696,0.06477696,0.116556704
1529,0.010321485,-0.08381618,-0.01413505,-0.08381618
1530,0.01032302,-0.10434903,-0.10434903,0.045351
1531,0.010324541,-0.06318642,-0.06318642,-0.09101529
1532,0.010326027,-0.058572117,-0.009750945,-0.058572117
1533,0.010327507,-0.15683255,-0.15683255,-0.2347989
1534,0.010328998,-0.27778596,-0.27778596,-0.2610033
1535,0.010330512,-0.30754685,-0.008868946,-0.30754685
1536,0.01033208,-0.17743632,-0.17743632,-0.19123073
1537,0.010333695,0.030152459,0.030152459,-0.08333846
1538,0.010335291,0.19892673,-0.010282272,0.19892673
1539,0.010336847,0.25468004,0.25468004,0.26784512
1540,0.010338418,0.23042373,0.23042373,0.26292154
1541,0.010340017,0.18617594,-0.009992216,0.18617594
1542,0.010341636,0.17294514,0.17294514,0.0870555
1543,0.010343259,0.19060877,0.19060877,0.0964279
1544,0.010344897,0.22096245,-0.009647906,0.22096245
1545,0.010346534,0.24632977,0.24632977,0.29110658
1546,0.010348157,0.25495717,0.25495717,0.28137147
1547,0.010349807,0.23402385,-0.015655331,0.23402385
1548,0.010351439,0.1755197,0.1755197,0.117040314
1549,0.010353068,0.09597495,0.09597495,0.07758873
1550,0.01035471,0.017634828,-0.0084161665,0.017634828
1551,0.010356327,-0.039090145,-0.039090145,-0.12549905
1552,0.01035792,-0.06924424,-0.06924424,-0.17885247
1553,0.01035946,-0.072106324,-0.008953063,-0.072106324
1554,0.010361011,-0.053552028,-0.053552028,-0.039763413
1555,0.010362617,-0.04927708,-0.04927708,-0.038519002
1556,0.01036424,-0.10266911,-0.014073007,-0.10266911
1557,0.010365837,-0.23171295,-0.23171295,-0.43319213
1558,0.010367366,-0.3642997,-0.3642997,-0.4967397
1559,0.010368914,-0.41333362,-0.015170743,-0.41333362
1560,0.010370495,-0.32980797,-0.32980797,-0.40456182
1561,0.010372075,-0.16640423,-0.16640423,-0.19796489
1562,0.010373618,-0.019776158,-0.0140649285,-0.019776158
1563,0.010375135,0.030768476,0.030768476,-0.062237527
1564,0.01037665,0.0024953731,0.0024953731,-0.10518349
1565,0.010378179,-0.07201196,-0.014197008,-0.07201196
1566,0.010379685,-0.16226062,-0.16226062,-0.15506808
1567,0.010381249,-0.22497077,-0.22497077,-0.27029803
1568,0.010382855,-0.21765432,-0.014152272,-0.21765432
1569,0.010384482,-0.12088843,-0.12088843,-0.17307863
1570,0.010386078,0.021330547,0.021330547,0.05156323
1571,0.010387668,0.15057553,-0.010338215,0.15057553
1572,0.010389246,0.2158677,0.2158677,0.3001723
1573,0.010390865,0.21626624,0.21626624,0.24239759
1574,0.01039247,0.15590803,-0.012547689,0.15590803
1575,0.01039408,0.05063291,0.05063291,0.048811957
1576,0.010395696,-0.04942076,-0.04942076,-0.08636103
1577,0.0103973,-0.09358176,-0.009225123,-0.09358176
1578,0.010398912,-0.048919577,-0.048919577,-0.056675028
1579,0.010400481,0.050128724,0.050128724,0.005816848
1580,0.010401998,0.14465131,-0.0053415103,0.14465131
1581,0.010403525,0.18734807,0.18734807,0.21267816
1582,0.010405018,0.16449517,0.16449517,0.096404314
1583,0.0104065,0.072374195,-0.004222325,0.072374195
1584,0.010408022,-0.08064779,-0.08064779,-0.14239985
1585,0.010409522,-0.2272985,-0.2272985,-0.23161513
1586,0.010411026,-0.299296,-0.0045332094,-0.299296
1587,0.010412595,-0.2543413,-0.2543413,-0.15440165
1588,0.010414187,-0.118882194,-0.118882194,-0.050681014
1589,0.010415793,0.06676746,-0.0062543815,0.06676746
1590,0.010417414,0.26831785,0.26831785,0.10752931
1591,0.010419006,0.42609128,0.42609128,0.3195924
1592,0.010420567,0.48943296,-0.0091435965,0.48943296
1593,0.010422083,0.41760755,0.41760755,0.4331071
1594,0.010423598,0.24963517,0.24963517,0.3338687
1595,0.010425148,0.05575157,-0.0070501394,0.05575157
1596,0.010426698,-0.10348543,-0.10348543,-0.06932065
1597,0.010428227,-0.21591909,-0.21591909,-0.06928428
1598,0.010429691,-0.28823683,-0.004430997,-0.28823683
1599,0.010431119,-0.32320854,-0.32320854,-0.38051105
1600,0.010432593,-0.31051722,-0.31051722,-0.30590826
1601,0.010434148,-0.23127797,-0.003488467,-0.23127797
1602,0.010435719,-0.08137831,-0.08137831,0.01245371
1603,0.010437307,0.08625598,0.08625598,0.15745912
1604,0.010438903,0.20776933,-0.002901209,0.20776933
1605,0.010440463,0.24768701,0.24768701,0.15947908
1606,0.01044203,0.21104331,0.21104331,0.111096434
1607,0.010443611,0.10387865,-0.005651095,0.10387865
1608,0.010445162,-0.05270393,-0.05270393,-0.13269816
1609,0.010446692,-0.21753573,-0.21753573,-0.37234667
1610,0.010448226,-0.34141037,-0.023506382,-0.34141037
1611,0.010449788,-0.38430625,-0.38430625,-0.33816862
1612,0.010451401,-0.34925085,-0.34925085,-0.3351942
1613,0.010453045,-0.24378696,-0.027753202,-0.24378696
1614,0.010454648,-0.08527616,-0.08527616,-0.11601164
1615,0.010456232,0.09466415,0.09466415,0.0506599
1616,0.010457851,0.2648157,-0.021402668,0.2648157
1617,0.010459455,0.39318338,0.39318338,0.4702694
1618,0.010461017,0.4432657,0.4432657,0.45036376
1619,0.010462552,0.37123057,-0.014376499,0.37123057
1620,0.010464056,0.16757792,0.16757792,0.08244253
1621,0.01046556,-0.088352,-0.088352,-0.21449414
1622,0.010467059,-0.30647445,-0.010572039,-0.30647445
1623,0.010468569,-0.40348837,-0.40348837,-0.44038337
1624,0.010470063,-0.40174717,-0.40174717,-0.29118273
1625,0.010471566,-0.345984,-0.006455838,-0.345984
1626,0.010473101,-0.2718722,-0.2718722,-0.15421292
1627,0.010474663,-0.19541033,-0.19541033,-0.034081977
1628,0.010476228,-0.12982991,-0.01232145,-0.12982991
1629,0.010477823,-0.082477845,-0.082477845,-0.2561259
1630,0.010479409,-0.041947406,-0.041947406,-0.09398477
1631,0.010480964,0.0097083375,-0.014029297,0.0097083375
1632,0.010482511,0.08074259,0.08074259,0.33307353
1633,0.010484084,0.13455898,0.13455898,0.2694306
1634,0.010485657,0.12029093,-0.011690847,0.12029093
1635,0.010487201,0.008137228,0.008137228,0.05207829
1636,0.010488736,-0.13327268,-0.13327268,-0.0795551
1637,0.01049025,-0.21275236,-0.0134675335,-0.21275236
1638,0.010491773,-0.17244735,-0.17244735,-0.23267475
1639,0.010493329,-0.048191413,-0.048191413,-0.33570534
1640,0.010494908,0.09518349,-0.014806139,0.09518349
1641,0.010496462,0.19914892,0.19914892,0.43689737
1642,0.010498021,0.24298745,0.24298745,0.4523768
1643,0.010499568,0.21304776,-0.009526997,0.21304776
1644,0.010501115,0.10704448,0.10704448,-0.03144571
1645,0.010502651,-0.030700266,-0.030700266,-0.13660637
1646,0.010504226,-0.13604805,-0.008196651,-0.13604805
1647,0.010505847,-0.15778218,-0.15778218,-0.15913945
1648,0.010507479,-0.11514469,-0.11514469,-0.1319698
1649,0.010509051,-0.04231613,-0.0062075993,-0.04231613
1650,0.01051055,0.030522382,0.030522382,0.040778328
1651,0.01051201,0.08364364,0.08364364,0.060548354
1652,0.010513492,0.101045795,-0.010154532,0.101045795
1653,0.010514979,0.072074346,0.072074346,0.12582885
1654,0.010516468,0.030029159,0.030029159,0.061950035
1655,0.010517944,0.020549266,-0.01117714,0.020549266
1656,0.010519442,0.06280177,0.06280177,0.04980277
1657,0.010520983,0.11246776,0.11246776,-0.025434988
1658,0.010522577,0.11637584,-0.012137547,0.11637584
1659,0.010524199,0.041795764,0.041795764,0.055951107
1660,0.010525785,-0.046468418,-0.046468418,-0.04837207
1661,0.010527359,-0.059238557,-0.01376534,-0.059238557
1662,0.010528928,0.06008064,0.06008064,0.05225817
1663,0.010530446,0.2397674,0.2397674,0.2626021
1664,0.010531984,0.3587953,-0.007278758,0.3587953
1665,0.010533556,0.30929548,0.30929548,0.41937926
1666,0.010535082,0.13161112,0.13161112,0.29289946
1667,0.010536582,-0.102030195,-0.006503306,-0.102030195
1668,0.010538108,-0.32251135,-0.32251135,-0.45931002
1669,0.010539725,-0.45356017,-0.45356017,-0.6536132
1670,0.010541388,-0.43226913,0.0014482404,-0.43226913
1671,0.010543034,-0.21714643,-0.21714643,-0.0994706
1672,0.010544631,0.055689897,0.055689897,0.14302748
1673,0.010546203,0.23177095,0.00024965964,0.23177095
1674,0.010547806,0.20805465,0.20805465,0.11802228
1675,0.01054942,0.039876744,0.039876744,0.15157913
1676,0.010551076,-0.14373371,-0.0011014782,-0.14373371
1677,0.010552692,-0.21915491,-0.21915491,-0.25336578
1678,0.010554275,-0.19119953,-0.19119953,-0.15483217
1679,0.010555864,-0.09320333,-0.007192337,-0.09320333
1680,0.010557449,0.047351822,0.047351822,-0.011324775
1681,0.010559048,0.18108186,0.18108186,0.15983294
1682,0.010560662,0.253499,-0.010612242,0.253499
1683,0.010562295,0.22595207,0.22595207,0.44313514
1684,0.010563927,0.15107849,0.15107849,0.28539565
1685,0.010565526,0.09384964,-0.010514823,0.09384964
1686,0.010567133,0.10401001,0.10401001,0.06749877
1687,0.010568767,0.16854158,0.16854158,0.1294225
1688,0.010570439,0.25852185,-0.0074419603,0.25852185
1689,0.010572101,0.3438596,0.3438596,0.23508446
1690,0.010573735,0.3932921,0.3932921,0.38718677
1691,0.0105753,0.3781672,-0.007973834,0.3781672
1692,0.010576843,0.28476343,0.28476343,0.30917805
1693,0.010578359,0.15091556,0.15091556,0.21548547
1694,0.010579869,0.03217557,-0.00569223,0.03217557
1695,0.010581383,-0.021364326,-0.021364326,-0.059201203
1696,0.010582923,-0.018189564,-0.018189564,-0.010588547
1697,0.010584493,0.01851948,-0.011498963,0.01851948
1698,0.010586102,0.0684989,0.0684989,-0.027555205
1699,0.01058769,0.107893415,0.107893415,0.056609683
1700,0.010589247,0.113732696,-0.015474284,0.113732696
1701,0.010590798,0.070777014,0.070777014,0.09846457
1702,0.010592376,-0.004277344,-0.004277344,0.001128188
1703,0.010593955,-0.08458877,-0.016925469,-0.08458877
1704,0.010595551,-0.14435445,-0.14435445,-0.17866668
1705,0.0105972,-0.1707362,-0.1707362,-0.23019771
1706,0.010598879,-0.15916304,-0.009171413,-0.15916304
1707,0.010600492,-0.11010338,-0.11010338,-0.10774407
1708,0.010602077,-0.04242669,-0.04242669,-0.03160102
1709,0.010603676,0.01685535,-0.008151399,0.01685535
1710,0.010605241,0.046267565,0.046267565,0.04663866
1711,0.010606782,0.042716302,0.042716302,0.049331937
1712,0.010608317,0.0074750804,-0.010078331,0.0074750804
1713,0.01060981,-0.04806564,-0.04806564,-0.024466785
1714,0.010611318,-0.096944876,-0.096944876,-0.13750674
1715,0.010612872,-0.1096215,-0.017497543,-0.1096215
1716,0.01061443,-0.06681951,-0.06681951,-0.06858245
1717,0.010616027,0.007635247,0.007635247,-0.0050329277
1718,0.01061759,0.083182685,-0.014366398,0.083182685
1719,0.010619163,0.12991324,0.12991324,0.1310257
1720,0.010620777,0.12517926,0.12517926,0.13679855
1721,0.010622395,0.039877947,-0.015982598,0.039877947
1722,0.010624001,-0.13314557,-0.13314557,-0.19336863
1723,0.010625636,-0.31899863,-0.31899863,-0.4012945
1724,0.010627308,-0.40681374,-0.013536928,-0.40681374
1725,0.010628937,-0.3324095,-0.3324095,-0.2559254
1726,0.010630549,-0.15628852,-0.15628852,-0.11257133
1727,0.010632164,0.013977279,-0.009768086,0.013977279
1728,0.010633709,0.09188493,0.09188493,0.035919618
1729,0.010635236,0.08423024,0.08423024,0.032643452
1730,0.010636819,0.016952662,-0.008248996,0.016952662
1731,0.010638467,-0.074495465,-0.074495465,-0.03104467
1732,0.010640086,-0.15402535,-0.15402535,-0.19531684
1733,0.010641655,-0.18579896,-0.010996748,-0.18579896
1734,0.010643232,-0.15006231,-0.15006231,-0.07011487
1735,0.010644852,-0.08183292,-0.08183292,0.067837894
1736,0.010646463,-0.022473367,-0.014294805,-0.022473367
1737,0.010648022,-0.011952493,-0.011952493,-0.041625116
1738,0.010649567,-0.04723758,-0.04723758,-0.15692979
1739,0.010651137,-0.10938658,-0.012424182,-0.10938658
1740,0.010652714,-0.18188894,-0.18188894,-0.14230058
1741,0.010654234,-0.23637874,-0.23637874,-0.16515508
1742,0.010655702,-0.23660555,-0.010276519,-0.23660555
1743,0.010657166,-0.16673116,-0.16673116,-0.17601371
1744,0.010658677,-0.06384256,-0.06384256,-0.10084967
1745,0.010660204,0.026463661,-0.008276288,0.026463661
1746,0.010661755,0.063975684,0.063975684,0.19889331
1747,0.010663334,0.05299143,0.05299143,0.18712349
1748,0.010664904,0.010670643,-0.0066871946,0.010670643
1749,0.010666481,-0.052288093,-0.052288093,-0.05202667
1750,0.010668079,-0.13412815,-0.13412815,-0.18812658
1751,0.010669655,-0.23065282,-0.0057003335,-0.23065282
1752,0.010671202,-0.33453342,-0.33453342,-0.3914188
1753,0.010672698,-0.41850132,-0.41850132,-0.4977698
1754,0.01067415,-0.44741145,-0.004836522,-0.44741145
1755,0.010675612,-0.40161076,-0.40161076,-0.37716016
1756,0.010677077,-0.31155136,-0.31155136,-0.19400951
1757,0.010678563,-0.22518075,-0.006749074,-0.22518075
1758,0.010680126,-0.1759631,-0.1759631,-0.1172246
1759,0.010681717,-0.15297444,-0.15297444,-0.25519013
1760,0.010683306,-0.13629772,-0.0120009,-0.13629772
1761,0.010684882,-0.111958,-0.111958,-0.1960688
1762,0.010686435,-0.082613885,-0.082613885,-0.039005563
1763,0.010687965,-0.054529253,-0.011546403,-0.054529253
1764,0.010689443,-0.033783875,-0.033783875,-0.1322175
1765,0.010690936,-0.0273112,-0.0273112,-0.1336526
1766,0.010692474,-0.040614646,-0.005693334,-0.040614646
1767,0.010694109,-0.07321796,-0.07321796,-0.05083632
1768,0.010695792,-0.1043564,-0.1043564,-0.042561866
1769,0.010697424,-0.11018276,-0.008604808,-0.11018276
1770,0.010699008,-0.07659072,-0.07659072,0.006041943
1771,0.010700572,-0.013766334,-0.013766334,0.05794059
1772,0.010702175,0.06350408,-0.013423446,0.06350408
1773,0.010703771,0.14096309,0.14096309,0.13647221
1774,0.010705359,0.20243016,0.20243016,0.16215761
1775,0.010706989,0.23302616,-0.019802224,0.23302616
1776,0.010708564,0.22983973,0.22983973,0.1432103
1777,0.010710123,0.20931968,0.20931968,0.2554069
1778,0.010711708,0.1903682,-0.019066928,0.1903682
1779,0.010713281,0.18740796,0.18740796,0.1534084
1780,0.010714854,0.18885414,0.18885414,0.10311981
1781,0.01071641,0.17642903,-0.013702606,0.17642903
1782,0.010717954,0.1398944,0.1398944,0.23616669
1783,0.010719518,0.095199764,0.095199764,0.18003054
1784,0.010721089,0.063285865,-0.0123736495,0.063285865
1785,0.010722668,0.058418497,0.058418497,-0.009528929
1786,0.010724288,0.058218107,0.058218107,0.03924198
1787,0.010725919,0.03233481,-0.012184316,0.03233481
1788,0.01072751,-0.038663745,-0.038663745,-0.15487346
1789,0.010729103,-0.13778329,-0.13778329,-0.19207704
1790,0.010730704,-0.23580052,-0.013879176,-0.23580052
1791,0.010732318,-0.3029735,-0.3029735,-0.21708028
1792,0.010733956,-0.30713063,-0.30713063,-0.17789704
1793,0.01073553,-0.21161804,-0.01574607,-0.21161804
1794,0.010737078,-0.011035172,-0.011035172,-0.010046943
1795,0.010738648,0.22054356,0.22054356,0.1725808
1796,0.010740262,0.38632765,-0.008337874,0.38632765
1797,0.010741922,0.41329342,0.41329342,0.44201556
1798,0.010743484,0.3353931,0.3353931,0.4680322
1799,0.010744936,0.22344144,-0.005937963,0.22344144
1800,0.010746382,0.12603587,0.12603587,0.15879592
1801,0.010747869,0.04229772,0.04229772,0.06186157
1802,0.010749438,-0.03793808,-0.00553286,-0.03793808
1803,0.010750997,-0.11794657,-0.11794657,-0.12452003
1804,0.01075251,-0.16929263,-0.16929263,-0.12550887
1805,0.010753989,-0.17281815,-0.009284648,-0.17281815
1806,0.01075545,-0.12019372,-0.12019372,-0.16291396
1807,0.010756916,-0.025682094,-0.025682094,-0.12424874
1808,0.010758401,0.08914427,-0.013866814,0.08914427
1809,0.010759893,0.19142266,0.19142266,0.20785484
1810,0.010761406,0.2661055,0.2661055,0.37934774
1811,0.010762947,0.3063236,-0.017589603,0.3063236
1812,0.010764499,0.30833614,0.30833614,0.26008573
1813,0.010766064,0.27910087,0.27910087,0.34944648
