time,spline,transfer cases across domain,mamba cases across domain,target
0.010788561,-14367.53,-14367.53,-14367.53,-14367.53
0.010790141,-12530.117,-12530.117,-12530.117,-14622.242
0.010791736,-10781.684,-10781.684,-10781.684,-16811.555
0.010793327,-9140.913,-9140.913,-9140.913,-18458.633
0.010794895,-7621.621,-7621.621,-7621.621,-17025.812
0.010796431,-6224.4253,-6224.4253,-6224.4253,-13075.891
0.01079797,-4911.962,-6673.2456,-6309.3403,-17085.477
0.010799508,-3684.881,-3684.881,-3684.881,-19030.328
0.010801069,-2522.842,-2522.842,-2522.842,-12996.953
0.010802672,-1413.766,155.9394,-1968.658,-4483.617
0.010804319,-359.67966,-359.67966,-359.67966,-359.67966
0.010805991,625.5059,625.5059,625.5059,-5319.203
0.010807656,1525.2834,4137.625,213.74947,-6237.703
0.010809304,2339.656,2339.656,2339.656,-1163.5546
0.01081094,3076.6702,3076.6702,3076.6702,-1530.3124
0.010812551,3736.3179,3624.9702,987.0295,-2106.875
0.010814202,4347.829,4347.829,4347.829,-5381.008
0.010815872,4903.616,4903.616,4903.616,-89.343704
0.010817525,5395.2554,4065.698,2263.6262,9305.883
0.010819167,5829.621,5829.621,5829.621,10601.094
0.010820763,6203.633,6203.633,6203.633,6203.633
0.010822339,6528.053,4579.527,2392.6277,4206.1797
0.010823875,6797.0474,6797.0474,6797.0474,8089.5625
0.010825367,7008.418,7008.418,7008.418,8226.992
0.010826829,7162.862,5318.8975,1932.0392,2776.0156
0.010828258,7258.804,7258.804,7258.804,-270.94528
0.010829668,7295.7617,7295.7617,7295.7617,548.92975
0.010831095,7270.3887,6009.449,8506.6455,3122.1875
0.010832591,7171.137,7171.137,7171.137,3959.5237
0.010834168,6980.4243,6980.4243,6980.4243,4715.4844
0.010835743,6695.867,5894.5996,8376.855,6695.867
0.010837323,6316.0996,6316.0996,6316.0996,10050.125
0.010838895,5869.202,5869.202,5869.202,10601.43
0.010840487,5377.852,4747.22,5121.858,4717.664
0.010842056,4886.3057,4886.3057,4886.3057,1370.6406
0.010843629,4417.011,4417.011,4417.011,5072.1484
0.010845216,3998.5845,3783.7393,2838.08,10028.102
0.010846831,3662.0134,3662.0134,3662.0134,7553.1245
0.010848426,3450.2688,3450.2688,3450.2688,3812.2341
0.010849987,3390.054,3414.1482,2978.274,3412.2656
0.010851539,3504.2815,3504.2815,3504.2815,3504.2815
0.010853088,3805.6694,3805.6694,3805.6694,5247.3047
0.010854653,4252.871,1926.786,2300.6936,1551.3438
0.010856266,4796.911,4796.911,4796.911,311.80472
0.010857882,5357.4316,5357.4316,5357.4316,4744.0156
0.010859501,5864.336,2535.1855,1876.7897,7757.328
0.010861061,6235.285,6235.285,6235.285,4313.0156
0.010862603,6426.222,6426.222,6426.222,2923.4219
0.010864175,6377.7866,3842.7751,5687.83,1979.3125
0.010865801,6001.34,6001.34,6001.34,2470.9375
0.010867441,5213.867,5213.867,5213.867,5213.867
0.010869065,3990.0217,3428.489,5642.574,1277.4454
0.010870647,2453.3616,2453.3616,2453.3616,1637.2266
0.010872173,750.1673,750.1673,750.1673,1524.0391
0.010873714,-1090.8624,3163.0386,404.5947,-1849.9061
0.010875348,-3065.9644,-3065.9644,-3065.9644,-1882.7421
0.010876983,-4950.0254,-4950.0254,-4950.0254,-8394.6875
0.010878601,-6607.683,1623.3058,-2172.471,-3825.8203
0.010880223,-7947.4346,-7947.4346,-7947.4346,-1488.0859
0.010881851,-8851.822,-8851.822,-8851.822,-5997.9375
0.010883468,-9198.288,-979.28845,-6396.215,-9198.288
0.010885064,-8924.642,-8924.642,-8924.642,-8648.359
0.010886645,-8116.9907,-8116.9907,-8116.9907,-5219.992
0.010888237,-6866.3325,-2023.3771,-5523.2686,-5092.867
0.010889843,-5264.1367,-5264.1367,-5264.1367,-8724.828
0.010891408,-3474.1187,-3474.1187,-3474.1187,-2686.8906
0.010892943,-1594.1362,-950.2151,-2955.295,-1265.8358
0.010894497,339.6695,339.6695,339.6695,-4549.1484
0.01089608,2242.7043,2242.7043,2242.7043,-5820.7104
0.010897671,3986.0364,199.85098,2035.6766,-181.41402
0.01089933,5512.5,5512.5,5512.5,5512.5
0.010901017,6673.039,6673.039,6673.039,5526.4062
0.010902694,7471.1157,1461.8357,4078.3772,3155.789
0.010904364,7979.536,7979.536,7979.536,12988.414
0.010906039,8268.455,8268.455,8268.455,13744.227
0.010907736,8403.095,2769.3958,2522.8914,6537.242
0.010909423,8446.968,8446.968,8446.968,5718.453
0.01091109,8468.432,8468.432,8468.432,11681.758
0.010912728,8531.703,4898.2886,3788.112,10800.758
0.010914369,8699.428,8699.428,8699.428,11513.922
0.010916025,9037.742,9037.742,9037.742,9037.742
0.010917697,9594.926,5208.747,10495.95,6540.336
0.010919372,10328.16,10328.16,10328.16,5045.578
0.010921007,11151.866,11151.866,11151.866,2189.3984
0.010922669,12036.873,5379.1006,9063.873,3377.086
0.010924355,12920.16,12920.16,12920.16,8133.3125
0.01092605,13728.056,13728.056,13728.056,9968.094
0.010927757,14393.651,5271.014,11802.176,5372.1953
0.010929467,14843.906,14843.906,14843.906,5129.789
0.010931066,15008.831,15008.831,15008.831,10762.016
0.010932581,14885.259,5126.088,13404.448,14885.259
0.01093408,14462.021,14462.021,14462.021,15540.695
0.010935608,13748.537,13748.537,13748.537,20344.79
0.010937192,12752.52,4559.794,7358.486,15253.304
0.010938814,11510.037,11510.037,11510.037,7263.6953
0.010940452,10077.075,10077.075,10077.075,5230.1953
0.010942088,8518.114,3942.6465,4931.176,1408.3986
0.010943734,6872.493,6872.493,6872.493,-636.914
0.010945373,5208.5483,5208.5483,5208.5483,-1828.0546
0.010947011,3571.7874,4333.5205,3597.0513,-3090.5469
0.010948611,2047.4141,2047.4141,2047.4141,2047.4141
0.010950146,691.413,691.413,691.413,6058.703
0.010951662,-539.76434,1846.8567,303.70523,2404.25
0.01095318,-1666.9082,-1666.9082,-1666.9082,4439.3516
0.010954725,-2707.514,-2707.514,-2707.514,5354.328
0.010956312,-3666.5679,-610.9423,-914.6677,2318.5234
0.010957887,-4510.457,-4510.457,-4510.457,260.06253
0.010959486,-5259.438,-5259.438,-5259.438,2463.2656
0.010961126,-5917.1646,-1274.6051,-5451.075,969.92194
0.010962764,-6464.8276,-6464.8276,-6464.8276,-2320.7266
0.010964386,-6901.9062,-6901.9062,-6901.9062,-6901.9062
0.010966009,-7237.132,-2798.9534,-6190.1265,-6907.8276
0.010967656,-7477.0615,-7477.0615,-7477.0615,-6218.3516
0.010969299,-7620.3516,-7620.3516,-7620.3516,-7884.734
0.01097096,-7672.3623,254.8909,-3407.6755,-10690.211
0.010972672,-7633.2495,-7633.2495,-7633.2495,-12158.047
0.010974411,-7502.434,-7502.434,-7502.434,-5077.851
0.01097613,-7288.185,-3035.0066,-3068.519,651.5157
0.010977785,-7007.032,-7007.032,-7007.032,-4941.1406
0.010979407,-6664.7734,-6664.7734,-6664.7734,-6247.9688
0.010980975,-6275.297,-3009.621,-7373.688,-6275.297
0.010982523,-5841.0806,-5841.0806,-5841.0806,-3053.5703
0.010984086,-5371.1787,-5371.1787,-5371.1787,-1737.1562
0.010985664,-4886.7607,-2904.8274,-3066.5461,-4259.906
0.010987251,-4412.003,-4412.003,-4412.003,-3932.7656
0.010988862,-3966.1846,-3966.1846,-3966.1846,-4279.015
0.010990448,-3585.878,-1473.7642,-982.3502,470.28128
0.010992037,-3286.0923,-3286.0923,-3286.0923,1613
0.010993664,-3087.2668,-3087.2668,-3087.2668,-6586.0625
0.010995315,-3022.3728,-1088.3262,-1163.7113,-4485.75
0.010996952,-3119.2812,-3119.2812,-3119.2812,-3119.2812
0.010998578,-3387.3855,-3387.3855,-3387.3855,-8667.445
0.011000151,-3777.0583,-226.75423,-1900.4778,-7505.2812
0.011001647,-4227.492,-4227.492,-4227.492,-4947.172
0.011003165,-4726.0825,-4726.0825,-4726.0825,-4754.9526
0.011004762,-5254.2188,-142.13133,-1614.5432,-8627.961
0.011006386,-5750.151,-5750.151,-5750.151,-9975.8125
0.011007984,-6152.701,-6152.701,-6152.701,-11648.18
0.011009591,-6426.9834,-116.879776,-2677.4656,-12190.781
0.011011216,-6525.2676,-6525.2676,-6525.2676,-5989.5156
0.011012789,-6405.0938,-6405.0938,-6405.0938,-6405.0938
0.011014326,-6056.295,-1299.2909,-3715.589,-7112.625
0.011015891,-5498.847,-5498.847,-5498.847,-8513.6875
0.011017473,-4777.025,-4777.025,-4777.025,-8380.477
0.011019022,-3964.025,-1454.8281,-2148.6497,-8757.094
0.011020568,-3094.9487,-3094.9487,-3094.9487,-6093.672
0.011022141,-2199.8425,-2199.8425,-2199.8425,-1762.5703
0.011023698,-1351.0826,-573.4553,-1607.9019,-1933.5078
0.011025233,-597.24255,-597.24255,-597.24255,-1611.5156
0.01102676,25.46354,25.46354,25.46354,-2330.6404
0.011028292,477.34378,-1641.0511,-730.89844,477.34378
0.01102984,723.7109,723.7109,723.7109,3084.6328
0.011031415,770.79266,770.79266,770.79266,-244.48433
0.011032974,640.5006,-2860.0881,-54.884693,2055.1953
0.011034554,354.77563,354.77563,354.77563,3663.6404
0.011036151,-64.630165,-64.630165,-64.630165,8702.57
0.011037731,-582.3488,-2477.3152,-451.3794,4542.2188
0.011039303,-1172.8444,-1172.8444,-1172.8444,3291.9453
0.011040865,-1808.5239,-1808.5239,-1808.5239,216.80473
0.011042369,-2443.0195,-1939.1925,-2099.4487,-2042.9764
0.01104388,-3079.531,-3079.531,-3079.531,-3079.531
0.011045453,-3715.519,-3715.519,-3715.519,-91.9609
0.011047058,-4304.775,-103.38566,-2131.052,-1503.9921
0.011048687,-4806.666,-4806.666,-4806.666,-3621.7576
0.011050235,-5161.7334,-5161.7334,-5161.7334,3422.6562
0.011051731,-5362.9995,-1409.1102,-2008.9597,4953.172
0.011053273,-5395.1987,-5395.1987,-5395.1987,312.14847
0.011054851,-5212.9575,-5212.9575,-5212.9575,1517.6484
0.011056373,-4801.0806,-1248.8544,-5466.9717,5456.0625
0.011057869,-4141.9985,-4141.9985,-4141.9985,5028.2266
0.011059362,-3205.4844,-3205.4844,-3205.4844,-3205.4844
0.011060834,-2000.4885,-1945.1919,-3431.661,-4160.7188
0.011062325,-557.95233,-557.95233,-557.95233,6850.1323
0.011063867,1081.8422,1081.8422,1081.8422,11334.859
0.011065458,2836.1233,-383.24896,290.7666,4913.6406
0.011067036,4541.2754,4541.2754,4541.2754,2078.3047
0.011068564,6067.2363,6067.2363,6067.2363,6839.2114
0.011070069,7362.848,1332.1255,2710.2073,5928.4062
0.011071589,8375.949,8375.949,8375.949,-1261.6484
0.011073144,9014.635,9014.635,9014.635,1575.5156
0.011074708,9157.711,3557.963,7855.7456,9157.711
0.011076277,8739.488,8739.488,8739.488,12024.0625
0.011077855,7839.8413,7839.8413,7839.8413,9360.922
0.01107944,6579.629,3812.6475,4727.43,6957.7266
0.011081033,5081.9,5081.9,5081.9,4137.039
0.011082647,3460.8965,3460.8965,3460.8965,1053.7031
0.0110842,1928.1342,2449.1296,3868.6128,-3563.914
0.011085704,583.94135,583.94135,583.94135,-5691.0625
0.011087206,-510.565,-510.565,-510.565,-5966.3203
0.011088733,-1257.0741,-725.3167,641.83344,-1576.7968
0.011090308,-1519.7812,-1519.7812,-1519.7812,-1519.7812
0.01109191,-1174.2831,-1174.2831,-1174.2831,-4744.75
0.011093508,-301.49063,-2747.989,57.224285,-10042.445
0.011095078,943.3135,943.3135,943.3135,-8203.82
0.011096656,2455.6658,2455.6658,2455.6658,203.10942
0.011098254,4125.7153,-672.80475,1512.0957,7448.9453
0.011099854,5807.311,5807.311,5807.311,3816.2888
0.011101447,7361.1074,7361.1074,7361.1074,2314.0625
0.01110303,8658.163,3598.6982,5128.9526,8783.445
0.011104603,9577.529,9577.529,9577.529,17739.008
0.01110621,10006.727,10006.727,10006.727,10006.727
0.011107873,9814.599,5587.4204,7936.904,82.13285
0.011109513,9076.688,9076.688,9076.688,-1856.1874
0.011111044,8010.0312,8010.0312,8010.0312,2030.5859
0.011112554,6704.843,6280.375,3824.0632,5225.0234
0.011114091,5222.026,5222.026,5222.026,5102.5938
0.011115682,3635.019,3635.019,3635.019,6072.7266
0.011117282,2102.5803,6688.326,1863.1266,7119.625
0.011118848,778.716,778.716,778.716,4202.4766
0.011120367,-232.65569,-232.65569,-232.65569,482.20316
0.011121883,-871.62494,4873.0083,718.50525,-871.62494
0.011123447,-1065.9948,-1065.9948,-1065.9948,-1280.0938
0.011125059,-816.065,-816.065,-816.065,2356.3281
0.011126685,-178.86647,3804.3489,430.99118,5226.328
0.011128251,726.4066,726.4066,726.4066,6019.8984
0.011129773,1812.1023,1812.1023,1812.1023,4707.3906
0.011131322,3057.4114,3734.9731,2241.9485,-51.921837
0.011132902,4402.622,4402.622,4402.622,1109.0625
0.011134536,5796.341,5796.341,5796.341,2211.086
0.011136213,7145.6904,2898.763,6614.9854,1028.7812
0.011137891,8327.086,8327.086,8327.086,8327.086
0.011139499,9232.928,9232.928,9232.928,10630.43
0.011141062,9888.811,4081.3345,6541.5596,9812.32
0.011142649,10329.087,10329.087,10329.087,4938.6484
0.011144282,10545.666,10545.666,10545.666,16479.5
0.011145922,10522.745,7996.945,2911.2,20911.773
0.011147569,10258.214,10258.214,10258.214,21104.586
0.011149177,9767.386,9767.386,9767.386,14395.836
0.011150769,9055.989,9759.202,4791.5103,6466.4688
0.011152361,8121.155,8121.155,8121.155,5696.2734
0.011154,6926.227,6926.227,6926.227,6926.227
0.011155656,5493.923,9103.956,5872.712,4036.5706
0.011157291,3925.2092,3925.2092,3925.2092,3036.6172
0.011158914,2294.8882,2294.8882,2294.8882,2276.1406
0.011160456,749.46747,8301.338,774.3202,-3085.1794
0.011161961,-690.62213,-690.62213,-690.62213,-7455.4688
0.011163471,-2004.84,-2004.84,-2004.84,-7197.164
0.011165013,-3146.8257,5294.282,-2310.171,-4078.1484
0.011166539,-4012.936,-4012.936,-4012.936,-4812.4766
0.011168072,-4553.1445,-4553.1445,-4553.1445,-7476.242
0.011169577,-4698.5938,2712.9912,-4555.1807,-4698.5938
0.011171021,-4444.4106,-4444.4106,-4444.4106,-2461.781
0.011172434,-3877.9412,-3877.9412,-3877.9412,-634.8593
0.011173905,-3036.469,1364.4127,-2171.8987,2261.6797
0.011175469,-1954.5928,-1954.5928,-1954.5928,12290.68
0.011177048,-769.0803,-769.0803,-769.0803,17413.328
0.011178659,427.70728,735.675,-116.150894,11846.508
0.011180287,1510.3564,1510.3564,1510.3564,951.96094
0.011181878,2334.5886,2334.5886,2334.5886,3147.9531
0.011183455,2816.2686,235.78954,1640.909,4192.4062
0.011185024,2859.5938,2859.5938,2859.5938,2859.5938
0.01118664,2375.6829,2375.6829,2375.6829,-3948.07
0.011188296,1392.3546,-1505.8357,2322.6904,-9760.695
0.011189905,66.37679,66.37679,66.37679,-7946.1562
0.011191486,-1495.0192,-1495.0192,-1495.0192,-8348.616
0.011192974,-3113.6204,-1857.9053,-432.32446,-15884.664
0.011194486,-4823.6934,-4823.6934,-4823.6934,-15790.125
0.011196081,-6608.4414,-6608.4414,-6608.4414,-15128.358
0.011197659,-8261.427,-3894.5383,-3013.5095,-11426.132
0.011199138,-9625.207,-9625.207,-9625.207,-11626.828
0.011200591,-10713.773,-10713.773,-10713.773,-10713.773
0.011202076,-11510.657,-5770.3804,-6056.0386,-9161.281
0.011203599,-12011.116,-12011.116,-12011.116,-6920.9844
0.011205132,-12225.281,-12225.281,-12225.281,-7112.828
0.011206666,-12183.701,-7606.709,-7118.8164,-10171.695
0.011208242,-11911.211,-11911.211,-11911.211,-10791.469
0.011209876,-11423.05,-11423.05,-11423.05,-11610.008
0.011211527,-10759.811,-8148.111,-12557.34,-8092.0625
0.011213152,-9982.428,-9982.428,-9982.428,-4715.711
0.011214748,-9139.113,-9139.113,-9139.113,-3739.039
0.011216327,-8265.875,-6655.657,-8961.25,-8265.875
0.011217848,-7419.5503,-7419.5503,-7419.5503,-8881.0625
0.01121935,-6591.1597,-6591.1597,-6591.1597,-5541.922
0.011220868,-5769.133,-3036.8188,-3679.1306,-6433.758
0.011222418,-4953.63,-4953.63,-4953.63,-5931.5703
0.011224015,-4147.3433,-4147.3433,-4147.3433,-5103.086
0.011225619,-3381.291,-2914.5708,-1373.0042,-2141.2344
0.011227243,-2659.7983,-2659.7983,-2659.7983,-115.35152
0.011228881,-1996.9266,-1996.9266,-1996.9266,2120.2031
0.011230474,-1424.0369,-2117.0515,-1082.196,255.36722
0.011232025,-942.93744,-942.93744,-942.93744,-942.93744
0.011233591,-538.8031,-538.8031,-538.8031,5390.875
0.011235195,-199.42207,-665.496,269.53354,7587.2104
0.011236819,82.24078,82.24078,82.24078,4607.3516
0.01123845,317.69592,317.69592,317.69592,3021.5703
0.011239988,510.05865,673.9759,408.86197,7053.3984
0.011241469,680.421,680.421,680.421,10023.203
0.011242968,849.9789,849.9789,849.9789,6895.5776
0.011244531,1036.6044,1186.767,772.3886,6857.453
0.011246101,1247.6941,1247.6941,1247.6941,7219.8438
0.011247661,1494.5,1494.5,1494.5,1494.5
0.011249209,1784.6466,4253.1963,2040.6124,405.01566
0.01125077,2112.7246,2112.7246,2112.7246,-944.12494
0.011252314,2457.6323,2457.6323,2457.6323,-773.1171
0.011253838,2803.746,5736.529,2160.5396,5154.797
0.011255376,3144.497,3144.497,3144.497,5411.086
0.011256993,3477.8093,3477.8093,3477.8093,4698.172
0.011258647,3775.1978,3572.0596,3800.7622,5547.875
0.011260292,4009.7505,4009.7505,4009.7505,9298.742
0.011261959,4167.139,4167.139,4167.139,6032.3125
0.011263575,4225.367,2784.6567,4941.719,4225.367
0.011265126,4180.5127,4180.5127,4180.5127,7286.6167
0.011266728,4026.5964,4026.5964,4026.5964,7664.8364
0.011268307,3766.4072,1712.7213,3133.8308,5787.492
0.01126983,3412.007,3412.007,3412.007,2196.2344
0.011271344,2957.6897,2957.6897,2957.6897,-1357.2811
0.01127285,2403.5652,1582.5399,1510.3473,-5114.7266
0.011274357,1745.7382,1745.7382,1745.7382,-3351.0388
0.011275905,961.0274,961.0274,961.0274,-1730.4452
0.011277511,28.692417,1093.3445,310.47784,-290.83588
0.011279194,-1079.2264,-1079.2264,-1079.2264,-1079.2264
0.011280924,-2349.7476,-2349.7476,-2349.7476,-3969.5547
0.011282628,-3685.9773,-434.82938,-1787.0352,-6798.539
0.011284281,-5010.8906,-5010.8906,-5010.8906,-7505.679
0.011285921,-6303.826,-6303.826,-6303.826,-11574.43
0.011287535,-7508.0576,-2867.8333,-3638.3787,-12823.367
0.011289145,-8595.615,-8595.615,-8595.615,-8788.742
0.011290757,-9524.724,-9524.724,-9524.724,-7167.086
0.011292377,-10250.878,-4034.4812,-8459.886,-9840.883
0.011294043,-10731.477,-10731.477,-10731.477,-14214.983
0.011295716,-10891.71,-10891.71,-10891.71,-10891.71
0.011297389,-10697.16,-4801.017,-7950.438,-6554.9844
0.011299067,-10192.951,-10192.951,-10192.951,-2646.5938
0.011300732,-9453.003,-9453.003,-9453.003,-3353.0312
0.011302411,-8532.066,-6134.743,-3890.6672,-815.06244
0.011304087,-7504.7827,-7504.7827,-7504.7827,-293.4218
0.011305706,-6473.002,-6473.002,-6473.002,4157.0938
0.011307322,-5465.4585,-8720.395,-5210.6064,5143.9062
0.011308976,-4520.121,-4520.121,-4520.121,91.25785
0.011310568,-3751.9604,-3751.9604,-3751.9604,-3293.6794
0.01131212,-3192.5388,-7879.911,-3419.5903,-3192.5388
0.011313622,-2865.3425,-2865.3425,-2865.3425,3716.8516
0.011315112,-2725.4146,-2725.4146,-2725.4146,4512.6094
0.011316622,-2732.413,-5971.916,-950.66113,1054.9219
0.011318141,-2851.0068,-2851.0068,-2851.0068,3704.5703
0.011319708,-3048.2783,-3048.2783,-3048.2783,7915.742
0.011321306,-3282.7178,-5422.788,-736.578,8496.805
0.01132291,-3505.185,-3505.185,-3505.185,4990.461
0.011324551,-3670.3591,-3670.3591,-3670.3591,135.23442
0.011326197,-3722.23,-2664.1685,-3218.7766,-2109.7031
0.011327815,-3612.8123,-3612.8123,-3612.8123,-3612.8123
0.011329427,-3310.58,-3310.58,-3310.58,492.83594
0.011331033,-2835.9685,-1359.1012,-1931.7675,1060.4375
0.011332619,-2228.003,-2228.003,-2228.003,1535.0547
0.011334175,-1526.3439,-1526.3439,-1526.3439,4792.5156
0.011335755,-736.77966,-518.6801,-183.93486,6356.422
0.011337227,42.576885,42.576885,42.576885,7152.0625
0.011338646,810.68506,810.68506,810.68506,5469.617
0.011340106,1595.1311,-352.59277,392.72324,2306.5156
0.011341639,2386.8586,2386.8586,2386.8586,6428.8906
0.011343164,3115.3984,3115.3984,3115.3984,3115.3984
0.011344695,3763.579,-227.53864,2505.9438,-1478.6405
0.011346266,4329.9434,4329.9434,4329.9434,-5875.539
0.011347837,4787.24,4787.24,4787.24,-3810.6406
0.011349388,5122.8135,1005.0786,1966.2855,4123
0.01135094,5334.508,5334.508,5334.508,2995.7031
0.011352492,5413.2764,5413.2764,5413.2764,-1582.5233
0.011354061,5348.8184,38.209957,4916.5425,-2504.0781
0.011355615,5133.28,5133.28,5133.28,-286.664
0.011357123,4771.4077,4771.4077,4771.4077,4006.289
0.011358629,4251.7656,-1082.4689,4265.4204,4251.7656
0.011360152,3562.931,3562.931,3562.931,578.961
0.011361712,2708.287,2708.287,2708.287,1625.7656
0.011363308,1706.6506,-1230.8152,1246.4253,3773.8906
0.011364925,590.9242,590.9242,590.9242,2329.7578
0.011366523,-581.2161,-581.2161,-581.2161,-2076.3047
0.011368111,-1784.7338,-1472.8547,-617.4761,-4569.797
0.011369717,-3011.0461,-3011.0461,-3011.0461,-4421.265
0.011371305,-4202.967,-4202.967,-4202.967,-1381.25
0.011372915,-5360.1553,-3276.2275,-4757.093,-2424.1797
0.011374513,-6427.5938,-6427.5938,-6427.5938,-6427.5938
0.011376058,-7357.356,-7357.356,-7357.356,-5507.4375
0.011377547,-8145.895,-5679.4634,-4580.9697,-3879.1248
0.011379066,-8832.074,-8832.074,-8832.074,-2519.664
0.011380633,-9404.687,-9404.687,-9404.687,-5580.8047
0.011382215,-9832.826,-7731.4497,-2235.0132,-1155.2811
0.011383804,-10100.291,-10100.291,-10100.291,-3986.2812
0.011385353,-10193.717,-10193.717,-10193.717,-5181.5
0.011386874,-10114.799,-9437.605,-3652.431,-7623.75
0.011388409,-9853.849,-9853.849,-9853.849,-7569.9375
0.011390012,-9376.219,-9376.219,-9376.219,-9376.219
0.011391688,-8653.006,-10720.692,-7851.94,-9736.539
0.01139336,-7752.05,-7752.05,-7752.05,-6237.625
0.011395012,-6745.29,-6745.29,-6745.29,-6668.508
0.011396615,-5713.3022,-8836.176,-2056.9937,-9553.148
0.011398224,-4677.335,-4677.335,-4677.335,-7733.133
0.011399833,-3695.3198,-3695.3198,-3695.3198,-9553.32
0.011401435,-2824.8823,-5257.3755,-1172.2837,-10626.18
0.011403035,-2115.7908,-2115.7908,-2115.7908,-4821.3984
0.011404652,-1616.1838,-1616.1838,-1616.1838,1717.0236
0.011406289,-1388.6328,-2186.0603,-1306.0654,-1388.6328
0.011407872,-1466.0607,-1466.0607,-1466.0607,-1708.6484
0.011409419,-1767.7876,-1767.7876,-1767.7876,1815.3984
0.011411008,-2229.8137,-120.411896,-731.6407,6393.953
0.011412615,-2770.4197,-2770.4197,-2770.4197,5200.6875
0.011414188,-3289.324,-3289.324,-3289.324,-4831.578
0.011415729,-3710.2388,-629.4845,-980.86945,-7155.6797
0.011417288,-3970.667,-3970.667,-3970.667,1859.8517
0.011418873,-3984.933,-3984.933,-3984.933,5595.3125
0.011420476,-3659.3853,-1843.9884,-4357.3877,2045.0078
0.011422061,-2918.7344,-2918.7344,-2918.7344,-2918.7344
0.011423618,-1738.7716,-1738.7716,-1738.7716,-4387.1484
0.011425124,-250.43958,-29.343771,-1820.6987,3353.9453
0.011426644,1488.2766,1488.2766,1488.2766,6439.664
0.011428185,3381.7344,3381.7344,3381.7344,-498.95306
0.011429731,5299.417,2213.7034,1684.9121,-3229.4373
0.011431273,7115.713,7115.713,7115.713,-2411.4375
0.011432826,8731.795,8731.795,8731.795,3606.711
0.011434426,10050.048,4894.504,7992.192,6114.578
0.011436055,10900.042,10900.042,10900.042,7603.6016
0.011437688,11119.227,11119.227,11119.227,11119.227
0.01143931,10621.212,4352.0684,9761.039,10296.023
0.01144092,9514.315,9514.315,9514.315,8136.617
0.011442541,7922.1177,7922.1177,7922.1177,11169.047
0.011444191,5953.0093,4382.3794,4083.4375,12735.272
0.01144581,3820.5752,3820.5752,3820.5752,11027.241
0.011447411,1653.845,1653.845,1653.845,3779.2659
0.011448986,-402.97876,5060.3022,1632.1077,-838.164
0.011450562,-2258.0444,-2258.0444,-2258.0444,-6672.2573
0.011452167,-3805.8562,-3805.8562,-3805.8562,-7203.4995
0.011453829,-4901.945,3820.0483,-2385.3372,-4901.945
0.011455507,-5381.655,-5381.655,-5381.655,-5821.242
0.011457145,-5321.0337,-5321.0337,-5321.0337,-5282.875
0.011458748,-4872.823,2230.0593,-1907.0786,-7812.6484
0.011460345,-4156.9614,-4156.9614,-4156.9614,-9807.141
0.011461981,-3261.9731,-3261.9731,-3261.9731,-7007.9683
0.011463623,-2319.3428,466.97006,-1265.1931,-521.414
0.011465278,-1447.5162,-1447.5162,-1447.5162,-3996.3828
0.01146687,-798.7299,-798.7299,-798.7299,-1378.164
0.011468394,-455.79654,-627.7857,-1756.0602,-1309.1016
0.011469874,-476.71872,-476.71872,-476.71872,-476.71872
0.011471326,-895.2827,-895.2827,-895.2827,5833.8594
0.011472805,-1670.4934,-2392.1226,-1181.113,5879.711
0.011474346,-2759.346,-2759.346,-2759.346,5282.664
0.011475903,-4051.846,-4051.846,-4051.846,6666.133
0.011477429,-5408.6025,-3710.252,-1306.8503,2516.4375
0.011478979,-6778.7847,-6778.7847,-6778.7847,-3571.6484
0.011480563,-8066.9863,-8066.9863,-8066.9863,1357.5
0.011482165,-9146.18,-4693.6846,-4679.191,-2092.5781
0.011483714,-9872.1,-9872.1,-9872.1,-9700.711
0.011485211,-10181.875,-10181.875,-10181.875,-10181.875
0.01148669,-10046.902,-6262.4995,-10907.53,-6301.054
0.011488175,-9516.008,-9516.008,-9516.008,-1679.6406
0.01148968,-8648.32,-8648.32,-8648.32,1057.7656
0.011491227,-7489.9873,-4888.501,-4507.6836,-2065.0935
0.011492764,-6152.3193,-6152.3193,-6152.3193,-4191.8125
0.011494292,-4717.9966,-4717.9966,-4717.9966,3859.8672
0.011495848,-3232.5576,-3547.1284,-3577.3296,6304.664
0.011497452,-1763.1807,-1763.1807,-1763.1807,3133.2734
0.011499074,-433.98962,-433.98962,-433.98962,-148.70308
0.011500701,645.8907,-2066.2864,-1072.6896,645.8907
0.011502274,1377.9498,1377.9498,1377.9498,3947.3591
0.011503825,1808.5138,1808.5138,1808.5138,3829.414
0.011505369,1977.9463,-1441.1829,631.32996,3008.2578
0.011506936,1914.0848,1914.0848,1914.0848,3200.1328
0.011508523,1636.8624,1636.8624,1636.8624,4507.922
0.011510064,1191.4617,-708.30505,563.88245,9736.469
0.011511648,582.01825,582.01825,582.01825,7387.6875
0.011513284,-177.23236,-177.23236,-177.23236,454.56253
0.0115149,-1024.7169,-530.31586,197.18736,-2462.3982
0.011516479,-1915.7499,-1915.7499,-1915.7499,-1915.7499
0.011518029,-2818.9336,-2818.9336,-2818.9336,2137.2344
0.011519577,-3705.6724,-969.58746,-2051.8232,-4498.172
0.011521101,-4518.7803,-4518.7803,-4518.7803,-2704.0466
0.011522607,-5220.508,-5220.508,-5220.508,-544.039
0.011524121,-5780.808,-476.79614,-4246.446,450.07037
0.011525672,-6158.729,-6158.729,-6158.729,1263.3906
0.011527184,-6292.081,-6292.081,-6292.081,3085.5781
0.011528613,-6165.5684,-1237.5327,-4895.3564,2563.2188
0.011530014,-5767.51,-5767.51,-5767.51,-1176.9218
0.011531474,-5026.758,-5026.758,-5026.758,-5026.758
0.011533028,-3854.0828,-1337.4797,-3611.9785,-4268.4766
0.011534607,-2333.5,-2333.5,-2333.5,-1889.4764
0.011536208,-558.4867,-558.4867,-558.4867,-5188.5156
0.011537828,1367.1288,-909.5732,-217.45929,-6905.4375
0.011539471,3339.15,3339.15,3339.15,-5085.5312
0.01154113,5231.9604,5231.9604,5231.9604,3574.2266
0.011542707,6830.662,1481.4021,2116.0923,3643.7344
0.011544234,8093.689,8093.689,8093.689,-153.50777
0.011545751,8977.492,8977.492,8977.492,1323.9297
0.011547251,9397.93,3894.5222,4352.9316,9397.93
0.011548783,9298.39,9298.39,9298.39,14327.211
0.011550361,8690.574,8690.574,8690.574,5295.875
0.011551904,7682.4336,6896.351,4324.888,-2486.7188
0.011553426,6366.4473,6366.4473,6366.4473,-588.14056
0.011554938,4819.7407,4819.7407,4819.7407,4510.078
0.011556466,3091.858,7328.977,2116.506,5624.7812
0.011558023,1241.5852,1241.5852,1241.5852,6789.3745
0.01155959,-628.5236,-628.5236,-628.5236,128.05472
0.011561194,-2463.0256,3618.5154,-523.5213,-2817.7734
0.011562807,-4135.578,-4135.578,-4135.578,-4135.578
0.011564409,-5554.327,-5554.327,-5554.327,2276.7031
0.011565963,-6705.85,-932.66003,-3206.2065,-4445.9688
0.011567537,-7671.343,-7671.343,-7671.343,-7189.5234
0.011569148,-8476.045,-8476.045,-8476.045,-4995.1094
0.011570779,-9128.7,-2962.457,-3564.5015,-6171.758
0.011572434,-9652.599,-9652.599,-9652.599,-7014.109
0.011574008,-10047.789,-10047.789,-10047.789,-3741.3516
0.011575508,-10354.058,-3477.8696,-8449.21,-3409.0547
0.011577032,-10617.433,-10617.433,-10617.433,-8175.9917
0.011578592,-10860.5625,-10860.5625,-10860.5625,-10860.5625
0.011580181,-11097.656,-4407.575,-7803.711,-8412.32
0.011581738,-11306.341,-11306.341,-11306.341,-5418.2812
0.011583245,-11466.7295,-11466.7295,-11466.7295,-3096.539
0.011584722,-11566.227,-3429.8364,-3776.3887,-1927.7733
0.011586217,-11590.878,-11590.878,-11590.878,-2909.4375
0.011587778,-11515.515,-11515.515,-11515.515,-3792.953
0.011589395,-11306.944,-4064.67,-5474.2344,-7957.687
0.011591038,-10935.783,-10935.783,-10935.783,-6622.562
0.011592657,-10389.867,-10389.867,-10389.867,-7256.023
0.011594278,-9641.038,-3693.0867,-10988.145,-9641.038
0.011595908,-8671.9795,-8671.9795,-8671.9795,-8835.9375
0.011597482,-7561.007,-7561.007,-7561.007,-5874.1245
0.011599045,-6326.79,-4590.3477,-3477.0596,-8048.5464
0.011600606,-5002.4126,-5002.4126,-5002.4126,-7029.031
0.011602194,-3600.7092,-3600.7092,-3600.7092,-7933.406
0.011603823,-2147.9268,-3885.6924,-1216.4681,-6037.4375
0.011605483,-696.7979,-696.7979,-696.7979,2907.4453
0.011607168,698.75476,698.75476,698.75476,6728.7734
0.011608811,1938.5044,-900.801,229.43936,3258.1562
0.011610397,2979.5469,2979.5469,2979.5469,2979.5469
0.011611952,3822.6394,3822.6394,3822.6394,6235.367
0.011613526,4510.2485,2645.5117,2874.1892,9768.094
0.011615116,5060.055,5060.055,5060.055,6094.5938
0.011616732,5495.3516,5495.3516,5495.3516,4776.492
0.011618378,5837.6816,5549.1235,2842.885,202.9063
0.011620007,6103.059,6103.059,6103.059,563.4375
0.011621593,6316.8975,6316.8975,6316.8975,4530.578
0.011623117,6504.209,7741.6074,6387.971,7399.7104
0.011624623,6693.603,6693.603,6693.603,5120.8125
0.011626168,6914.64,6914.64,6914.64,6914.64
0.011627729,7180.034,7232.2036,6349.1367,14930.492
0.011629282,7466.978,7466.978,7466.978,15869.032
0.011630846,7751.2993,7751.2993,7751.2993,11140.742
0.011632428,8005.6826,5713.1694,4066.4507,9496.491
0.011634042,8200.916,8200.916,8200.916,12593.805
0.011635687,8301.497,8301.497,8301.497,16314.32
0.011637317,8271.42,6547.614,4058.9282,9428.844
0.011638924,8084.4404,8084.4404,8084.4404,3587.531
0.011640581,7695.8613,7695.8613,7695.8613,5971.6953
0.011642251,7069.75,6190.41,6096.4023,7069.75
0.011643878,6216.578,6216.578,6216.578,7304.0933
0.011645492,5178.546,5178.546,5178.546,4834.961
0.011647133,3989.78,6298.858,2983.249,2108.125
0.011648791,2716.3872,2716.3872,2716.3872,2933.0781
0.01165043,1449.955,1449.955,1449.955,1841.8203
0.011652065,242.18398,3526.9558,299.47885,-1111.8671
0.011653682,-836.1995,-836.1995,-836.1995,-3180.9531
0.011655279,-1728.4144,-1728.4144,-1728.4144,-781.94525
0.01165679,-2361.3916,-178.60378,-2946.4727,-901.9843
0.011658227,-2726.82,-2726.82,-2726.82,-2726.82
0.011659647,-2832.4055,-2832.4055,-2832.4055,-4448.7266
0.01166114,-2698.028,-1324.4458,-3183.4624,-5430.2573
0.011662749,-2323.1692,-2323.1692,-2323.1692,-6369.8516
0.01166438,-1756.7789,-1756.7789,-1756.7789,-2677.6638
0.011666021,-1057.4019,-963.40533,-1465.9795,-1699.0468
0.011667676,-281.89624,-281.89624,-281.89624,-944.4843
0.011669323,498.38242,498.38242,498.38242,3998.6719
0.01167088,1188.4493,-2250.865,-558.9838,5383.1953
0.011672406,1769.061,1769.061,1769.061,4080.0393
0.011673942,2208.1484,2208.1484,2208.1484,2208.1484
0.011675484,2464.3284,-1419.1703,879.8626,4207.2734
0.011677005,2545.1304,2545.1304,2545.1304,7835.438
0.01167852,2476.5403,2476.5403,2476.5403,7810.6797
0.011680064,2274.7517,-234.52782,845.24713,4345.828
0.011681642,1953.3334,1953.3334,1953.3334,-1671.9453
0.01168323,1535.5272,1535.5272,1535.5272,3738.914
0.011684808,1049.814,1403.3392,563.17584,6533.25
0.011686374,521.1036,521.1036,521.1036,3602.3438
0.011687934,-29.35371,-29.35371,-29.35371,2796.6484
0.011689486,-578.3984,2717.5935,-274.2275,-578.3984
0.011691013,-1099.8363,-1099.8363,-1099.8363,25.84379
0.011692592,-1603.657,-1603.657,-1603.657,2205.4766
0.011694214,-2068.1943,1721.9194,-984.134,4506.164
0.011695864,-2469.0425,-2469.0425,-2469.0425,1880.1173
0.011697503,-2778.843,-2778.843,-2778.843,3633.9531
0.011699131,-2982.7986,507.5746,-1220.2501,6979.062
0.011700774,-3067.064,-3067.064,-3067.064,3429.9143
0.01170244,-3010.5598,-3010.5598,-3010.5598,1821.4375
0.011704112,-2792.5288,-1869.1975,-1675.9441,-3877.2578
0.011705753,-2404.2422,-2404.2422,-2404.2422,-2404.2422
0.011707336,-1860.5039,-1860.5039,-1860.5039,-2161.8672
0.011708898,-1196.5276,-1814.7971,-580.45544,-1648.4218
0.011710475,-443.5001,-443.5001,-443.5001,-3074.0703
0.011712037,339.13602,339.13602,339.13602,-1905.1953
0.011713614,1120.7158,-1502.0176,363.68024,1732.9686
0.011715243,1870.2816,1870.2816,1870.2816,2971.6406
0.011716841,2500.035,2500.035,2500.035,3900.2107
0.011718357,2957.0186,331.7356,3308.179,3925.1328
0.011719825,3229.9153,3229.9153,3229.9153,2970.4062
0.011721306,3297.9453,3297.9453,3297.9453,3297.9453
0.011722848,3119.407,1462.997,3606.9001,6190.6797
0.011724408,2701.8936,2701.8936,2701.8936,7324.5312
0.011726003,2065.206,2065.206,2065.206,3771.5466
0.011727546,1282.5665,-585.24426,1144.734,-1488.7186
0.011729045,397.9296,397.9296,397.9296,5156.828
0.011730555,-585.0964,-585.0964,-585.0964,5148.289
0.011732088,-1644.6938,-2378.578,-128.61288,3714.25
0.011733612,-2726.6982,-2726.6982,-2726.6982,1231.8673
0.011735131,-3800.8591,-3800.8591,-3800.8591,-3122.5234
0.011736695,-4868.0234,-1859.6943,-3047.3066,-4868.0234
0.011738287,-5881.4253,-5881.4253,-5881.4253,-9147.531
0.011739863,-6794.763,-6794.763,-6794.763,-7095.1636
0.011741446,-7608.32,-2572.7708,-3385.442,-4585.914
0.011743042,-8309.177,-8309.177,-8309.177,-6140.297
0.011744637,-8875.707,-8875.707,-8875.707,-1263.3828
0.011746228,-9293.382,-3411.781,-4858.5645,-2260.1953
0.011747802,-9547.904,-9547.904,-9547.904,-7234.1094
0.011749405,-9630.771,-9630.771,-9630.771,-7848.515
0.011751059,-9514.604,-3854.8496,-9252.761,-11332.977
0.011752618,-9203.5625,-9203.5625,-9203.5625,-9203.5625
0.011754106,-8719.26,-8719.26,-8719.26,-4055.5857
0.011755641,-8054.904,-2558.396,-5068.221,184.57034
0.011757243,-7221.7896,-7221.7896,-7221.7896,-126.73433
0.01175884,-6289.44,-6289.44,-6289.44,-813.7187
0.011760452,-5286.6274,906.0302,-1643.9758,667.3281
0.011762066,-4262.244,-4262.244,-4262.244,2854.7656
0.011763687,-3255.2383,-3255.2383,-3255.2383,1747.1249
0.011765331,-2299.8533,-1727.6826,-1375.557,-98.50777
0.011766957,-1463.486,-1463.486,-1463.486,-2118.5703
0.011768606,-769.74994,-769.74994,-769.74994,-769.74994
0.011770224,-268.26447,734.22363,-618.09406,-55.78121
0.011771766,74.16152,74.16152,74.16152,7668.8516
0.011773275,321.6552,321.6552,321.6552,8484.672
0.01177479,522.29895,-464.9158,25.653608,13092.117
0.011776333,717.91174,717.91174,717.91174,13860.774
0.011777867,944.40375,944.40375,944.40375,8968.891
0.011779413,1246.3687,-1649.4736,-8.084442,8289.1875
0.011780996,1675.6625,1675.6625,1675.6625,7059.2812
0.01178254,2253.879,2253.879,2253.879,8641.406
0.011784133,3059.8906,-2080.63,814.0368,3059.8906
0.011785721,4101.5107,4101.5107,4101.5107,-4025.2578
0.011787261,5294.3604,5294.3604,5294.3604,-160.77339
0.01178878,6588.232,-826.35657,1997.7395,-383.2187
0.011790296,7938.208,7938.208,7938.208,-80.74215
0.011791819,9295.821,9295.821,9295.821,1037.8281
0.011793361,10612.686,178.73357,2459.1309,7086.2188
0.011794948,11844.295,11844.295,11844.295,11903.616
0.011796569,12905.318,12905.318,12905.318,16094.586
0.011798213,13706.965,2313.736,7628.6445,14522.305
0.01179987,14161.788,14161.788,14161.788,14161.788
0.01180153,14207.665,14207.665,14207.665,11504.156
0.011803191,13869.845,5618.22,11482.388,10840.1875
0.011804847,13197.816,13197.816,13197.816,4608.9453
0.011806473,12257.513,12257.513,12257.513,-719.14056
0.011808098,11084.613,7768.673,5119.181,-5091.0625
0.011809712,9732.524,9732.524,9732.524,-3072.1406
0.011811329,8234.411,8234.411,8234.411,-2510.3672
0.011812929,6653.3037,6857.1406,6608.8247,-1610.2188
0.011814529,5016.2637,5016.2637,5016.2637,-225.69528
0.011816074,3421.9531,3421.9531,3421.9531,3421.9531
0.011817636,1832.6698,2999.7317,3741.4014,-673.414
0.011819287,203.71132,203.71132,203.71132,-4825.164
0.011820987,-1393.5354,-1393.5354,-1393.5354,2235.8516
0.011822663,-2862.8845,-1155.3954,-643.2633,-3444.6716
0.01182426,-4142.0474,-4142.0474,-4142.0474,-3788.3904
0.011825822,-5257.352,-5257.352,-5257.352,-4546.242
0.011827403,-6228.0522,-3110.3005,-4390.814,-5803.6484
0.011829005,-7027.3604,-7027.3604,-7027.3604,-5254.414
0.011830565,-7606.196,-7606.196,-7606.196,-9645.945
0.011832085,-7960.922,-4788.518,-6836.044,-7960.922
0.011833622,-8096.997,-8096.997,-8096.997,-6491.078
0.01183519,-8021.583,-8021.583,-8021.583,-7368.2344
0.011836804,-7743.422,-5456.195,-5071.615,-5770.539
0.011838384,-7299.304,-7299.304,-7299.304,-966.52344
0.011839958,-6712.713,-6712.713,-6712.713,-838.7734
0.011841558,-5994.312,-5225.927,-3338.376,-2906.289
0.011843186,-5163.4717,-5163.4717,-5163.4717,-2743.6328
0.011844828,-4250.9077,-4250.9077,-4250.9077,-3707.4297
0.011846473,-3289.4834,-4098.206,-3591.079,-664.8046
0.011848131,-2301.1016,-2301.1016,-2301.1016,-2301.1016
0.011849813,-1305.3477,-1305.3477,-1305.3477,-4513.6016
0.011851477,-343.59018,-499.46725,-1502.1329,-7568.4297
0.011853106,562.0895,562.0895,562.0895,-11922.781
0.011854719,1411.0824,1411.0824,1411.0824,-12803.5
0.011856321,2194.7249,540.99396,804.674,-7863.437
0.011857885,2890.67,2890.67,2890.67,-5554.461
0.011859445,3505.286,3505.286,3505.286,-2941.7969
0.01186101,4030.561,755.6523,2550.4438,1748.4219
0.011862541,4444.8774,4444.8774,4444.8774,8119.9917
0.011864055,4747.133,4747.133,4747.133,4747.133
0.01186562,4940.584,1360.2612,3383.1282,6676.617
0.011867218,5024.579,5024.579,5024.579,3871.789
0.011868781,5011.214,5011.214,5011.214,1186.5156
0.011870336,4919.314,3194.536,2265.8196,4020.5
0.011871908,4761.979,4761.979,4761.979,2647.3984
0.011873513,4550.481,4550.481,4550.481,-2331.3125
0.011875128,4302.2905,5695.1226,2299.0938,-6689.9844
0.011876706,4041.5156,4041.5156,4041.5156,-5983.6094
0.011878265,3781.5315,3781.5315,3781.5315,-134.38277
0.01187977,3542.5078,6527.958,2357.7153,3542.5078
0.011881256,3328.0674,3328.0674,3328.0674,-1476.5078
0.011882727,3133.3208,3133.3208,3133.3208,-2899.9219
0.011884204,2948.43,4937.7993,976.1116,-861.2187
0.011885718,2762.7646,2762.7646,2762.7646,-1444.5702
0.011887216,2575.6692,2575.6692,2575.6692,-1165.4296
0.011888716,2377.694,5129.9155,665.1459,3184.5938
0.011890263,2154.7202,2154.7202,2154.7202,1476.9531
0.011891843,1899.1223,1899.1223,1899.1223,-3392.3281
0.011893366,1618.2389,4241.488,2081.4023,1474.8828
0.011894866,1301.0312,1301.0312,1301.0312,1301.0312
0.011896395,935.1778,935.1778,935.1778,850.99225
0.011897947,545.2213,2730.5537,736.1592,2949.3281
0.011899507,166.98047,166.98047,166.98047,5319.172
0.01190109,-168.96161,-168.96161,-168.96161,5350.742
0.011902664,-421.25418,24.240665,-267.7761,3589.1328
0.011904263,-559.17114,-559.17114,-559.17114,4909.039
0.011905837,-544.08673,-544.08673,-544.08673,5376.4297
0.011907413,-344.91925,-736.8792,-1331.8099,2408.5625
0.011909001,76.50906,76.50906,76.50906,1220.9844
0.011910596,757.81256,757.81256,757.81256,757.81256
0.011912192,1713.7479,-1244.212,137.09874,-3446.961
0.01191383,2912.7979,2912.7979,2912.7979,-4725.0703
0.011915484,4256.166,4256.166,4256.166,2273.1406
0.011917136,5638.163,35.707287,1406.3718,5327.9844
0.011918769,6952.7856,6952.7856,6952.7856,5668.1094
0.011920358,8097.1353,8097.1353,8097.1353,2152.1172
0.011921935,9019.026,1973.1265,3792.992,-1221.0391
0.011923511,9646.583,9646.583,9646.583,3519.0156
0.011925075,9899.474,9899.474,9899.474,8474.641
0.011926683,9692.117,5577.6733,9400.411,9692.117
0.011928334,8931.731,8931.731,8931.731,2463.8516
0.011929956,7722.7515,7722.7515,7722.7515,-5327.9062
0.01193156,6184.726,6204.789,2797.6921,-3604.875
0.011933143,4436.58,4436.58,4436.58,-1543.1483
0.011934714,2576.2483,2576.2483,2576.2483,-876.1406
0.011936302,670.4065,4725.7188,1700.2997,3754.594
0.011937875,-1142.0822,-1142.0822,-1142.0822,1602.7891
0.011939494,-2823.7385,-2823.7385,-2823.7385,637.23444
0.011941134,-4226.759,3137.6343,-3231.898,-2569.492
0.011942735,-5197.008,-5197.008,-5197.008,-5197.008
0.011944325,-5692.4253,-5692.4253,-5692.4253,-3289.5857
0.011945886,-5755.9497,562.75195,-3961.1116,-5110.3354
0.011947466,-5451.4863,-5451.4863,-5451.4863,-8845.344
0.011949068,-4823.6147,-4823.6147,-4823.6147,-9632.195
0.011950647,-3949.227,-3329.8198,-1459.5673,-13556.9375
0.011952277,-2842.5322,-2842.5322,-2842.5322,-16207.9375
0.011953944,-1562.3665,-1562.3665,-1562.3665,-14385.555
0.011955556,-245.73706,-3951.9092,-2470.7334,-8760.038
0.011957139,1061.8857,1061.8857,1061.8857,-1682.6874
0.011958719,2322.7031,2322.7031,2322.7031,2322.7031
0.011960308,3493.9224,-2081.6401,1760.8495,3545.8674
0.011961924,4559.8955,4559.8955,4559.8955,4801.164
0.011963535,5478.1533,5478.1533,5478.1533,7258.2505
0.01196511,6218.402,-351.62872,2361.6707,4949.586
0.011966691,6787.0083,6787.0083,6787.0083,4195.211
0.011968299,7167.684,7167.684,7167.684,1974.4064
0.011969911,7330.5356,932.44147,1995.2701,7578.3125
0.011971527,7254.9897,7254.9897,7254.9897,7013.0234
0.011973101,6933.4443,6933.4443,6933.4443,7632.0005
0.011974647,6362.258,2156.1492,3810.7107,6362.258
0.011976176,5543.5015,5543.5015,5543.5015,6912.0547
0.011977707,4512.1016,4512.1016,4512.1016,11934.788
0.01197925,3312.0945,1401.9814,1538.7988,11751.953
0.011980766,2028.479,2028.479,2028.479,14463.36
0.011982286,689.34015,689.34015,689.34015,8348.234
0.011983871,-706.7477,480.2822,177.9379,4851.383
0.011985463,-2050.2625,-2050.2625,-2050.2625,581.8438
0.011987037,-3262.499,-3262.499,-3262.499,-2402.9216
0.01198863,-4312.807,-194.54738,-4592.9546,-3104.0312
0.011990213,-5121.851,-5121.851,-5121.851,-5121.851
0.011991764,-5647.516,-5647.516,-5647.516,-2338.2576
0.01199333,-5937.184,-3656.4026,-6244.4067,-1496.8672
0.011994943,-6028.9956,-6028.9956,-6028.9956,-3359.7341
0.011996609,-5954.743,-5954.743,-5954.743,-2596.1875
0.011998301,-5757.861,-4870.0664,-4136.8955,-1443.2186
0.011999939,-5503.124,-5503.124,-5503.124,2643.0469
0.012001541,-5242.248,-5242.248,-5242.248,3243.7031
0.012003167,-5014.775,-4532.6143,-4702.683,-2855.039
0.01200476,-4875.9756,-4875.9756,-4875.9756,-5863.289
0.012006328,-4866.2886,-4866.2886,-4866.2886,-4866.2886
0.01200791,-5017.9683,-3858.6196,-3626.2566,-7215.367
0.012009514,-5324.182,-5324.182,-5324.182,-10097.445
0.012011103,-5754.02,-5754.02,-5754.02,-4474.883
0.012012684,-6282.1035,-2267.1926,-2493.5916,-1364.5546
0.012014257,-6882.779,-6882.779,-6882.779,-3473.7888
0.012015858,-7546.4595,-7546.4595,-7546.4595,-2822.4607
0.012017508,-8259.138,-3264.5525,-3107.0732,-2209.6562
0.012019168,-8977.846,-8977.846,-8977.846,810.03906
0.012020843,-9676.232,-9676.232,-9676.232,-3294.7031
0.012022496,-10310.898,-5595.4795,-9410.611,-10310.898
0.012024112,-10851.472,-10851.472,-10851.472,-8983.664
0.012025732,-11284.191,-11284.191,-11284.191,-8213.086
0.012027337,-11575.113,-7223.6035,-7258.1626,-9863.57
0.012028906,-11698.376,-11698.376,-11698.376,-9250.914
0.012030423,-11639.804,-11639.804,-11639.804,-4307.2886
0.012031915,-11387.149,-8823.028,-6345.463,-1584.5546
0.012033394,-10922.195,-10922.195,-10922.195,2873.2422
0.012034894,-10208.6045,-10208.6045,-10208.6045,1736.6798
0.012036444,-9189.547,-6652.7886,-7533.7075,-2188.3904
0.012037986,-7865.4683,-7865.4683,-7865.4683,-7865.4683
0.012039533,-6218.9736,-6218.9736,-6218.9736,-7010.008
0.012041116,-4277.848,-3533.301,-2522.0835,-6559.8047
0.012042677,-2202.8064,-2202.8064,-2202.8064,-6077.9688
0.01204423,-71.60524,-71.60524,-71.60524,-11868.156
0.012045801,2059.2112,1122.2566,176.97818,-6252.3438
0.012047349,4043.0403,4043.0403,4043.0403,1545.5547
0.012048918,5843.8906,5843.8906,5843.8906,-2771.6953
0.012050491,7343.593,2889.6633,6955.6177,-5849.539
0.012052019,8417.897,8417.897,8417.897,-1458.3672
0.01205351,9019.336,9019.336,9019.336,9019.336
0.012054995,9123.062,2411.3232,9157.866,7189.641
0.012056535,8751.273,8751.273,8751.273,4787.664
0.012058089,7952.5728,7952.5728,7952.5728,4548.25
0.012059622,6818.627,3510.172,3522.1672,11941.93
0.01206117,5396.349,5396.349,5396.349,11852.281
0.012062767,3713.095,3713.095,3713.095,6596.3823
0.012064345,1910.9858,3922.3435,1609.588,4259.3594
0.012065933,35.550297,35.550297,35.550297,4146.078
0.012067547,-1854.3214,-1854.3214,-1854.3214,-394.07806
0.012069121,-3604.0388,3601.157,-2531.8906,-3604.0388
0.012070701,-5199.098,-5199.098,-5199.098,-4885.9375
0.012072292,-6606.0435,-6606.0435,-6606.0435,-72.30465
0.012073903,-7798.487,451.3382,-3218.8125,3165.9531
0.01207553,-8736.257,-8736.257,-8736.257,-7150.7188
0.012077183,-9384.094,-9384.094,-9384.094,-11017.804
0.012078836,-9693.458,-1814.6753,-2902.3994,-9503.555
0.012080462,-9637.169,-9637.169,-9637.169,-3954.9297
0.012082066,-9202.015,-9202.015,-9202.015,-4076.7734
0.012083698,-8342.635,-2079.2324,-9402.144,-8198.836
0.012085364,-7000.7812,-7000.7812,-7000.7812,-7000.7812
0.012087053,-5155.2764,-5155.2764,-5155.2764,-373.8281
0.012088768,-2884.3206,-3229.7507,-4294.021,542.5469
0.01209047,-364.91464,-364.91464,-364.91464,4182.1406
0.012092142,2242.2224,2242.2224,2242.2224,4991.875
0.012093808,4847.682,-1972.6986,2334.1306,7592.726
0.012095404,7238.513,7238.513,7238.513,5088.625
0.012096948,9351.619,9351.619,9351.619,5008.3047
0.01209847,11147.13,1740.9233,9056.477,11794.867
0.012099998,12568.969,12568.969,12568.969,13437.922
0.012101565,13532.937,13532.937,13532.937,13532.937
0.012103197,13933.502,6129.9307,10535.209,14307.922
0.012104862,13779.735,13779.735,13779.735,14232.539
0.012106439,13210.513,13210.513,13210.513,12895.703
0.012107931,12379.789,10425.6,4504.1543,12367.781
0.012109435,11337.742,11337.742,11337.742,10411.383
0.012111014,10112.226,10112.226,10112.226,10267.875
0.012112624,8820.869,11095.635,2520.1685,8235.617
0.012114264,7565.6045,7565.6045,7565.6045,8973.805
0.012115881,6490.483,6490.483,6490.483,14502.43
0.01211748,5686.4766,9168.381,4530.05,5686.4766
0.012119001,5226.7417,5226.7417,5226.7417,-2168.375
0.012120483,5029.982,5029.982,5029.982,-5652.078
0.012121993,5024.4644,3827.8057,3318.9075,-3941.4375
0.012123543,5160.041,5160.041,5160.041,-3934.1172
0.012125074,5370.658,5370.658,5370.658,-1280.3281
0.0121266,5593.163,3295.2354,2751.9412,1781.2422
0.012128166,5768.6406,5768.6406,5768.6406,1146.5625
0.012129745,5823.065,5823.065,5823.065,4598.3594
0.012131264,5694.701,4766.9995,4132.7173,5208.2656
0.012132797,5321.6797,5321.6797,5321.6797,5321.6797
0.012134387,4630.887,4630.887,4630.887,4642.828
0.012136035,3632.6912,4917.0347,2299.693,1942.3048
0.012137661,2434.1575,2434.1575,2434.1575,780.7031
0.012139234,1136.6543,1136.6543,1136.6543,3220.6797
0.012140824,-249.70105,4366.2075,369.75354,-1395.8125
0.012142473,-1699.6057,-1699.6057,-1699.6057,-4781.1714
0.012144159,-3122.2039,-3122.2039,-3122.2039,-6572.461
0.012145854,-4415.8525,3281.5999,-3235.6106,-7867.6094
0.012147548,-5495.587,-5495.587,-5495.587,-8031.8354
0.012149207,-6272.883,-6272.883,-6272.883,-6272.883
0.012150826,-6711.8477,-1409.23,-5394.8154,-4372.547
0.012152441,-6852.2,-6852.2,-6852.2,-2418.3828
0.012154032,-6733.0156,-6733.0156,-6733.0156,-3638.5312
0.012155636,-6387.3623,-5345.3413,-2486.579,-5959.8125
0.012157287,-5830.162,-5830.162,-5830.162,-4428.4526
0.012158946,-5100.7583,-5100.7583,-5100.7583,-4131.3125
0.012160596,-4243.2188,-4775.4756,-4317.832,-3696.4922
0.012162201,-3317.217,-3317.217,-3317.217,1906.2657
0.012163766,-2359.2488,-2359.2488,-2359.2488,2124.3672
0.012165286,-1406.3906,-3827.1863,-2521.135,-1406.3906
0.012166769,-484.5054,-484.5054,-484.5054,-2514.664
0.012168241,388.293,388.293,388.293,-1229.7578
0.012169729,1191.1959,4.390945,97.018745,-750.57025
0.012171256,1893.5277,1893.5277,1893.5277,-1842.2577
0.012172811,2441.1758,2441.1758,2441.1758,-3517.461
0.012174392,2781.3896,1437.8203,1064.2509,-4173.8047
0.012176,2857.8994,2857.8994,2857.8994,2302.6797
0.012177626,2611.5317,2611.5317,2611.5317,9743.3125
0.01217928,1977.3291,1916.0957,2040.7711,8354.141
0.012180912,923.1094,923.1094,923.1094,923.1094
0.012182547,-581.47955,-581.47955,-581.47955,-556.70306
0.012184188,-2453.8643,2064.2573,-753.34534,1415.2969
0.012185827,-4569.4663,-4569.4663,-4569.4663,-4994.4375
0.01218746,-6805.309,-6805.309,-6805.309,-6328.008
0.01218908,-9035.646,-1588.437,-3858.998,-9074.382
0.012190741,-11216.787,-11216.787,-11216.787,-10134.828
0.012192407,-13175.865,-13175.865,-13175.865,-13323.5
0.012194047,-14761.708,-4220.9834,-9355.096,-12869.71
0.012195686,-15889.475,-15889.475,-15889.475,-18432.594
0.012197317,-16442.375,-16442.375,-16442.375,-16442.375
0.012198957,-16341.488,-5910.4683,-11276.822,-12705.289
0.012200612,-15617.226,-15617.226,-15617.226,-13157.109
0.012202256,-14356.173,-14356.173,-14356.173,-13208.555
0.012203924,-12604.384,-5845.169,-5507.3203,-11222.358
0.012205611,-10430.55,-10430.55,-10430.55,-5423.5547
0.012207302,-7929.1074,-7929.1074,-7929.1074,4198.1484
0.012208998,-5180.283,-5965.73,-2852.698,8493.789
0.012210675,-2308.773,-2308.773,-2308.773,1895.5234
0.012212345,620.90063,620.90063,620.90063,838.5391
0.012213985,3487.7888,-2308.8938,623.17865,3487.7888
0.012215519,6093.798,6093.798,6093.798,5105.4297
0.012217027,8530.757,8530.757,8530.757,9320.828
0.01221858,10858.338,1533.5226,4279.74,11801.617
0.012220128,12941.175,12941.175,12941.175,8438.32
0.012221668,14724.9795,14724.9795,14724.9795,5858.25
0.012223226,16182.957,6707.3647,7132.6187,6491.9062
0.012224745,17216.686,17216.686,17216.686,7056.617
0.012226237,17809.832,17809.832,17809.832,10030.219
0.012227756,17933.895,8171.4536,18510.904,12911.703
0.012229295,17514.21,17514.21,17514.21,17514.21
0.012230821,16528.607,16528.607,16528.607,21239.04
0.012232351,15041.323,7807.7485,12503.321,16219.625
0.012233892,13134.2295,13134.2295,13134.2295,13735.788
0.01223549,10826.342,10826.342,10826.342,11490.828
0.012237097,8274.271,6772.8545,4238.626,6839.109
0.012238658,5677.3276,5677.3276,5677.3276,3540.695
0.012240221,3062.5994,3062.5994,3062.5994,3298.6172
0.012241798,512.55383,6158.576,1344.5287,2766.3047
0.012243385,-1859.5393,-1859.5393,-1859.5393,-468.68744
0.012244947,-3901.4841,-3901.4841,-3901.4841,-3901.4841
0.012246466,-5531.143,4839.842,-3257.9521,-6190.828
0.012247965,-6796.291,-6796.291,-6796.291,-3045.7812
0.012249477,-7747.598,-7747.598,-7747.598,1421.2812
0.01225105,-8413.079,-1112.752,-4694.2817,210.6016
0.012252624,-8770.896,-8770.896,-8770.896,-3570.7422
0.0122542,-8843.602,-8843.602,-8843.602,-4514.429
0.012255801,-8648.797,-4925.4443,-6365.733,-2970.0935
0.012257427,-8198.74,-8198.74,-8198.74,-612.13275
0.012259007,-7542.039,-7542.039,-7542.039,-3237.6172
0.012260583,-6695.133,-6162.8022,-5626.9966,-6695.133
0.012262191,-5663.409,-5663.409,-5663.409,-3834.9685
0.012263807,-4509.628,-4509.628,-4509.628,-1953.6953
0.012265423,-3298.529,-3564.639,-1574.8137,-3776.5857
0.012267036,-2092.3118,-2092.3118,-2092.3118,-4221.0703
0.012268663,-938.9432,-938.9432,-938.9432,-6850.781
0.012270228,53.596745,-267.3297,-176.10109,-3629.3047
0.012271738,850.888,850.888,850.888,-5670.351
0.012273238,1438.0186,1438.0186,1438.0186,-6707.164
0.012274773,1777.2761,1219.9758,1293.4651,-3444.414
0.012276326,1799.1172,1799.1172,1799.1172,1799.1172
0.012277873,1467.093,1467.093,1467.093,-4711.0625
0.012279457,812.355,955.2193,755.5333,-11050.086
0.012281068,-104.33225,-104.33225,-104.33225,-8423.375
0.012282643,-1170.6039,-1170.6039,-1170.6039,-6870.797
0.012284207,-2323.3088,-296.8719,-563.8439,-9541.953
0.012285776,-3501.7385,-3501.7385,-3501.7385,-11911.578
0.012287375,-4650.879,-4650.879,-4650.879,-9789.016
0.012288952,-5659.075,-4282.8027,-4955.1377,-9677.57
0.012290536,-6472.543,-6472.543,-6472.543,-6946.3745
0.012292149,-7019.1953,-7019.1953,-7019.1953,-7019.1953
0.01229374,-7223.1294,-7133.6064,-6390.1187,-5645.867
0.012295282,-7121.903,-7121.903,-7121.903,-5845.078
0.012296811,-6766.8057,-6766.8057,-6766.8057,-7060.164
0.012298359,-6184.8525,-6887.428,-3776.7632,-7764.437
0.01229996,-5386.07,-5386.07,-5386.07,-8590.289
0.012301625,-4385.748,-4385.748,-4385.748,-10576.961
0.012303345,-3218.223,-6439.9556,-1739.6602,-13218.108
0.012305072,-1958.4996,-1958.4996,-1958.4996,-11481.867
0.01230676,-690.91455,-690.91455,-690.91455,-4992.3047
0.012308429,551.14844,-4591.315,-694.35864,551.14844
0.012310106,1744.6262,1744.6262,1744.6262,-3608.1562
0.012311788,2854.8489,2854.8489,2854.8489,-3376.375
0.012313457,3841.828,-3223.692,1261.4454,-1721.3047
0.012315119,4682.818,4682.818,4682.818,741.9688
0.012316799,5360.317,5360.317,5360.317,5514.203
0.012318457,5830.542,-1029.3394,2345.2334,4558.883
0.012320037,6069.539,6069.539,6069.539,4089.7344
0.012321531,6085.6187,6085.6187,6085.6187,7684.4062
0.012323,5882.2856,1218.3892,4670.0713,8482.68
0.012324527,5419.6094,5419.6094,5419.6094,5419.6094
0.01232615,4637.2583,4637.2583,4637.2583,-151.28903
0.012327674,3670.592,2333.6184,2270.3113,-5429.3516
0.012329159,2560.9587,2560.9587,2560.9587,-5111.7188
0.012330687,1295.33,1295.33,1295.33,-1752.9921
0.012332303,-124.79428,975.453,245.93591,-9075.281
0.012333952,-1599.9515,-1599.9515,-1599.9515,-12664.921
0.012335602,-3039.657,-3039.657,-3039.657,-9394.531
0.012337239,-4369.88,-927.47644,-1858.8226,-4164.8125
0.012338877,-5541.19,-5541.19,-5541.19,-6560.1484
0.012340491,-6478.953,-6478.953,-6478.953,-6478.953
0.012342097,-7152.709,-2722.4612,-6166.4956,-6969.1406
0.01234374,-7579.703,-7579.703,-7579.703,2062.8984
0.012345389,-7760.641,-7760.641,-7760.641,6878.9136
0.012347014,-7715.07,-4139.728,-5990.245,4659.8203
0.012348613,-7471.355,-7471.355,-7471.355,1590.5703
0.012350199,-7052.2153,-7052.2153,-7052.2153,-1508.2264
0.012351794,-6469.9385,-3497.917,-7008.867,-6348.4214
0.012353398,-5739.4443,-5739.4443,-5739.4443,-7998.0703
0.012355012,-4875.661,-4875.661,-4875.661,-4089.3591
0.012356612,-3909.7188,-1750.743,-4081.729,-3909.7188
0.012358203,-2862.767,-2862.767,-2862.767,-3729.9922
0.012359796,-1767.0343,-1767.0343,-1767.0343,-5752.633
0.012361385,-669.7212,271.21237,-561.7088,-4722.0312
0.012362975,389.6509,389.6509,389.6509,-5592.8125
0.01236459,1381.9226,1381.9226,1381.9226,-4434.3594
0.012366237,2260.49,526.12244,1298.6744,-5121.883
0.012367832,2938.222,2938.222,2938.222,1204.7656
0.012369387,3393.139,3393.139,3393.139,8163.7183
0.012370973,3605.7815,2582.914,4209.043,9690.133
0.012372578,3519.2732,3519.2732,3519.2732,3519.2732
0.012374201,3097.6992,3097.6992,3097.6992,512.5156
0.012375866,2370.3523,5103.2603,3446.0117,2941.1328
0.012377532,1419.7391,1419.7391,1419.7391,625.0078
0.012379139,363.46143,363.46143,363.46143,-2678.4297
0.012380726,-745.78076,4945.265,502.8414,-4040.8828
0.012382296,-1842.4492,-1842.4492,-1842.4492,3330.4688
0.012383838,-2856.4966,-2856.4966,-2856.4966,8062.07
0.012385394,-3754.139,2893.7395,-704.1189,2467.4531
0.012386974,-4472.377,-4472.377,-4472.377,-3273.6482
0.012388585,-4936.6875,-4936.6875,-4936.6875,-4936.6875
0.012390208,-5074.8105,-211.43953,-3173.148,-4120.7656
0.012391818,-4883.669,-4883.669,-4883.669,-6635.054
0.012393383,-4396.2856,-4396.2856,-4396.2856,-7809.6094
0.012394945,-3624.7148,-2496.0854,-2161.7224,-8064.7344
0.012396494,-2589.3022,-2589.3022,-2589.3022,-6077.1016
0.012397981,-1352.3102,-1352.3102,-1352.3102,-378.44528
0.012399522,170.32509,-2659.6675,-1565.2723,772.2422
0.012401157,2041.8683,2041.8683,2041.8683,4093.6638
0.012402812,4191.882,4191.882,4191.882,9015.797
0.012404468,6587.2734,-1809.5935,3859.4314,6587.2734
0.012406102,9158.716,9158.716,9158.716,5989.5234
0.012407698,11769.184,11769.184,11769.184,9242.922
0.012409283,14343.966,557.1733,4887.2695,9646.797
0.012410849,16760.229,16760.229,16760.229,8191.8745
0.012412393,18912.129,18912.129,18912.129,11215.844
0.012413936,20729.672,2097.4028,6172.841,13397.555
0.012415512,22134.51,22134.51,22134.51,10989.992
0.012417113,22981.273,22981.273,22981.273,14255.773
0.012418695,23130.559,5613.1797,25635.902,21573.305
0.012420273,22486.898,22486.898,22486.898,22486.898
0.01242181,21036.521,21036.521,21036.521,15939.655
0.012423291,18976.656,10483.442,16846.799,9716.609
0.012424746,16458.688,16458.688,16458.688,5788.875
0.012426214,13558.971,13558.971,13558.971,990.10156
0.012427749,10290.206,13186.5625,4853.1133,1284.2578
0.01242933,6834.5044,6834.5044,6834.5044,-695.5937
0.012430926,3427.9272,3427.9272,3427.9272,-2259.9453
0.012432506,309.9108,8208.037,2610.1653,-3691.4219
0.012434074,-2364.1294,-2364.1294,-2364.1294,-5199.2495
0.012435624,-4431.086,-4431.086,-4431.086,-4431.086
0.012437183,-5811.291,1462.0874,-4246.752,-4026.5781
0.012438738,-6544.29,-6544.29,-6544.29,-337.35934
0.012440295,-6732.156,-6732.156,-6732.156,770.6406
0.012441851,-6471.9062,-2764.277,-3169.825,2682.9219
0.012443431,-5850.0674,-5850.0674,-5850.0674,657.2032
0.012445019,-4964.932,-4964.932,-4964.932,-5389.1875
0.012446594,-3931.7444,-2716.9128,-4785.8066,175.3594
0.012448166,-2847.7356,-2847.7356,-2847.7356,3616.7344
0.012449726,-1819.4495,-1819.4495,-1819.4495,1538.0234
0.012451238,-961.31244,-131.07744,-2019.0846,-961.31244
0.012452781,-300.44147,-300.44147,-300.44147,-6985.2495
0.012454379,160.27023,160.27023,160.27023,-9622.758
0.012455975,419.48114,1196.1262,-27.369024,-5716.9917
0.012457542,504.30682,504.30682,504.30682,-2621.9297
0.012459124,445.13098,445.13098,445.13098,-2992.4219
0.012460675,270.7176,-174.03645,219.241,-5026.4844
0.012462176,15.299451,15.299451,15.299451,-4186.586
0.012463705,-309.39142,-309.39142,-309.39142,-427.96872
0.012465277,-686.67316,1668.2379,32.419323,1655.0547
0.01246685,-1083.1327,-1083.1327,-1083.1327,-1083.1327
0.012468355,-1455.1866,-1455.1866,-1455.1866,-4357.0938
0.012469802,-1777.9114,3012.516,-578.5467,-490.32025
0.012471273,-2041.5016,-2041.5016,-2041.5016,6336.6797
0.012472767,-2212.4736,-2212.4736,-2212.4736,3383.414
0.012474308,-2254.1328,3740.3914,-538.3504,5072.7188
0.012475823,-2129.214,-2129.214,-2129.214,4128.2344
0.012477315,-1813.9365,-1813.9365,-1813.9365,6292.0312
0.012478838,-1263.2047,4638.935,-385.60294,6661.2734
0.01248048,-372.99057,-372.99057,-372.99057,3501.383
0.012482111,855.3203,855.3203,855.3203,855.3203
0.012483659,2351.6475,6514.104,1979.8893,646.28906
0.012485188,4065.436,4065.436,4065.436,115.95317
0.012486727,5923.8984,5923.8984,5923.8984,-1236.3593
0.012488239,7780.103,6640.335,4107.908,300.57816
0.012489727,9540.262,9540.262,9540.262,2248.6406
0.012491197,11122.229,11122.229,11122.229,4626.8047
0.012492702,12485.679,8622.134,5768.3335,5946.797
0.01249429,13537.159,13537.159,13537.159,3102.9531
0.012495966,14092.155,14092.155,14092.155,12579.508
0.012497649,13943.759,10147.322,13029.061,13943.759
0.012499251,13063.545,13063.545,13063.545,15765.289
0.012500833,11575.162,11575.162,11575.162,14079.999
0.012502361,9674.122,8187.8306,7045.098,14142.71
0.012503806,7562.815,7562.815,7562.815,13994.297
0.012505227,5285.779,5285.779,5285.779,12537.055
0.012506696,2821.6838,5907.7607,2401.5115,10755.741
0.012508281,154.15623,154.15623,154.15623,7625.015
0.012509861,-2389.2292,-2389.2292,-2389.2292,3208.5469
0.012511413,-4651.494,3487.7358,-1616.5117,-3468.4219
0.01251298,-6574.5234,-6574.5234,-6574.5234,-6574.5234
0.012514591,-8069.4697,-8069.4697,-8069.4697,-6435.984
0.012516218,-9082.342,-807.16425,-5673.813,-2367.1794
0.012517868,-9625.734,-9625.734,-9625.734,2429.4688
0.012519517,-9708.628,-9708.628,-9708.628,238.42973
0.012521178,-9354.115,-2918.8508,-5299.9854,-1355.1874
0.012522837,-8588.37,-8588.37,-8588.37,1580.6641
0.012524492,-7441.619,-7441.619,-7441.619,6884.1797
0.012526137,-5949.5664,-3644.5178,-4618.054,2865.664
0.012527777,-4138.8867,-4138.8867,-4138.8867,-679.6015
0.012529378,-2085.1638,-2085.1638,-2085.1638,-2085.1638
0.012530962,188.76785,-2255.9585,-966.23364,-8585.718
0.012532546,2619.5693,2619.5693,2619.5693,-6742.2183
0.012534125,5103.6626,5103.6626,5103.6626,-5805.0156
0.012535705,7555.2314,952.0482,2366.0598,-257.77338
0.012537338,9952.273,9952.273,9952.273,1733.203
0.012538986,12124.891,12124.891,12124.891,1530.9219
0.012540616,13924.924,5366.7593,13423.994,1445.8047
0.01254222,15255.912,15255.912,15255.912,5095.4453
0.012543786,16038.33,16038.33,16038.33,10985.609
0.012545291,16222.164,6653.5195,15137.834,16222.164
0.012546761,15814.406,15814.406,15814.406,13655.913
0.012548226,14903.068,14903.068,14903.068,13401.445
0.012549741,13539.179,7467.6216,8734.218,14751.226
0.012551217,11904.771,11904.771,11904.771,12328.953
0.012552706,10057.4,10057.4,10057.4,8642.789
0.012554252,8042.851,7024.2773,3758.8003,10218.28
0.012555797,6049.83,6049.83,6049.83,6867.0938
0.012557357,4179.9277,4179.9277,4179.9277,5507.9297
0.012558963,2534.1052,5947.7236,2445.0708,3103.1875
0.012560522,1333.6172,1333.6172,1333.6172,1333.6172
0.01256204,626.96375,626.96375,626.96375,1814.3281
0.012563549,330.74213,3673.1453,528.1542,3071.6797
0.012565052,361.03772,361.03772,361.03772,351.81253
0.012566551,638.1505,638.1505,638.1505,-3312.9922
0.012568093,1100.1938,3875.8047,331.68353,-3427.8828
0.012569705,1685.9512,1685.9512,1685.9512,-2716.3203
0.012571339,2291.1794,2291.1794,2291.1794,-3208.0935
0.012572913,2793.3918,5415.2534,2416.6665,-60.468708
0.012574508,3129.9424,3129.9424,3129.9424,-2042.3514
0.01257612,3200.6484,3200.6484,3200.6484,3200.6484
0.012577726,2936.3518,5047.282,3180.383,2394.4688
0.012579372,2369.2527,2369.2527,2369.2527,-4010.1016
0.01258095,1619.6073,1619.6073,1619.6073,-8117.39
0.012582438,794.1137,2393.8005,771.7403,-5298.445
0.012583924,-83.29918,-83.29918,-83.29918,-4498.828
0.012585436,-967.9245,-967.9245,-967.9245,-3575.7654
0.012587019,-1816.2755,-483.459,-499.21948,-8516.508
0.012588631,-2523.8198,-2523.8198,-2523.8198,-5203.336
0.01259025,-2998.2039,-2998.2039,-2998.2039,-6240.3354
0.012591852,-3157.8904,-2526.3862,-2230.3564,-3157.8904
0.012593453,-2958.863,-2958.863,-2958.863,-3089.4763
0.012595078,-2442.1338,-2442.1338,-2442.1338,609.6407
0.012596742,-1666.5951,-1764.0955,-972.20306,-893.77344
0.012598333,-769.4987,-769.4987,-769.4987,-789.2812
0.012599812,134.86795,134.86795,134.86795,-452.5937
0.012601292,1046.5983,-123.627014,373.55954,869.83594
0.012602829,1936.5902,1936.5902,1936.5902,-1527.0858
0.012604454,2741.3203,2741.3203,2741.3203,2638.9219
0.012606067,3325.086,2014.9833,3635.8816,3251.5234
0.012607598,3610.5388,3610.5388,3610.5388,3610.5388
0.012609087,3591.162,3591.162,3591.162,3002.6328
0.01261057,3308.994,2982.9639,2771.0273,6164.8906
0.012612067,2805.107,2805.107,2805.107,7271.008
0.012613579,2120.9592,2120.9592,2120.9592,2758.2734
0.012615109,1299.2393,1323.6176,908.57104,3402.0706
0.012616655,388.13104,388.13104,388.13104,4209.2812
0.012618217,-561.79346,-561.79346,-561.79346,444.086
0.01261976,-1476.6208,1021.9727,-20.574995,511.3985
0.012621271,-2299.572,-2299.572,-2299.572,-419.7031
0.012622794,-3006.1875,-3006.1875,-3006.1875,-3006.1875
0.012624381,-3570.3008,-121.81052,-2591.3342,-2415.6328
0.012625983,-3969.771,-3969.771,-3969.771,-2443.0078
0.012627528,-4212.8516,-4212.8516,-4212.8516,-3151.3591
0.012629093,-4336.2773,-746.45795,-1906.272,-4978.547
0.012630733,-4354.2534,-4354.2534,-4354.2534,-7674.2495
0.012632347,-4282.212,-4282.212,-4282.212,-9418.508
0.012633916,-4147.3555,-827.6429,-1765.8715,-10515.266
0.012635499,-3966.773,-3966.773,-3966.773,-5517.9766
0.012637094,-3760.073,-3760.073,-3760.073,-159.03902
0.01263871,-3546.492,-1646.3088,-2745.4053,-3546.492
0.012640318,-3346.3306,-3346.3306,-3346.3306,-9094.53
0.012641949,-3153.3376,-3153.3376,-3153.3376,-5085.9604
0.012643599,-2960.686,-2167.611,-1877.564,4282.5234
0.012645219,-2766.5283,-2766.5283,-2766.5283,3079.4219
0.012646802,-2564.861,-2564.861,-2564.861,452.9766
0.012648406,-2341.3372,-217.72745,-1535.935,477.64066
0.012650067,-2081.882,-2081.882,-2081.882,-3277.0466
0.012651763,-1779.3702,-1779.3702,-1779.3702,-408.4218
0.012653472,-1427.5549,-335.80493,-1433.4667,-1237.2812
0.012655091,-1042.8984,-1042.8984,-1042.8984,-1042.8984
0.012656634,-627.3251,-627.3251,-627.3251,-1113.4844
0.012658175,-180.37885,-873.50104,-277.59,1263.4141
0.012659756,290.13046,290.13046,290.13046,715.58594
0.012661356,756.5202,756.5202,756.5202,2653.6562
0.01266295,1189.0203,1668.0593,494.72897,-821.56244
0.012664465,1549.9467,1549.9467,1549.9467,-992.625
0.012665955,1838.3132,1838.3132,1838.3132,2632.8281
0.012667448,2042.5828,3791.1663,2330.729,3870.742
0.012668963,2144.3608,2144.3608,2144.3608,3302.875
0.012670543,2116.6562,2116.6562,2116.6562,2116.6562
0.012672179,1928.2611,4328.7876,2539.7612,2238.961
0.012673823,1587.3665,1587.3665,1587.3665,2318.3594
0.01267548,1109.5881,1109.5881,1109.5881,298.43753
0.012677152,510.99002,2374.7976,768.83185,-4053.0469
0.012678798,-172.91684,-172.91684,-172.91684,-8142.0234
0.012680411,-915.4017,-915.4017,-915.4017,-6171.914
0.012682066,-1732.3386,-214.5007,-257.3066,-6409.25
0.012683661,-2554.2207,-2554.2207,-2554.2207,-8030.75
0.012685196,-3360.5618,-3360.5618,-3360.5618,-3162.7188
0.012686728,-4164.492,-1924.4508,-3459.3083,-4164.492
0.01268826,-4949.6274,-4949.6274,-4949.6274,-2585.789
0.012689823,-5703.02,-5703.02,-5703.02,-52.328083
0.012691451,-6402.995,-3355.5615,-3799.1926,-1023.63275
0.01269309,-6984.9316,-6984.9316,-6984.9316,-2389.617
0.012694712,-7404.148,-7404.148,-7404.148,-3377.8281
0.012696283,-7628.4,-4567.1675,-3872.7346,-3826.3748
0.012697856,-7641.4385,-7641.4385,-7641.4385,-9729.117
0.012699387,-7420.475,-7420.475,-7420.475,-8207.969
0.0127009,-6946.546,-3964.8008,-6411.8477,-7152.9453
0.012702421,-6185.1953,-6185.1953,-6185.1953,-6185.1953
0.012703994,-5087.792,-5087.792,-5087.792,-8197.625
0.012705509,-3801.545,-3798.505,-3560.4546,-5435.133
0.012706995,-2404.3289,-2404.3289,-2404.3289,-10.578085
0.012708496,-938.811,-938.811,-938.811,5320.4844
0.012710028,527.71173,-1912.7454,-535.9611,5108.4297
0.012711645,1947.2004,1947.2004,1947.2004,2641.2031
0.012713276,3142.37,3142.37,3142.37,4736.8047
0.012714893,3988.7458,1539.8068,990.71436,5220.422
0.01271651,4394.5376,4394.5376,4394.5376,7114.9224
0.012718149,4250.4297,4250.4297,4250.4297,4250.4297
0.012719752,3501.1868,3818.1216,2492.4236,9756.265
0.012721341,2239.2007,2239.2007,2239.2007,7700.9844
0.012722941,556.2943,556.2943,556.2943,3517.0156
0.012724527,-1411.3281,2116.3005,-42.700993,2147.7656
0.012726139,-3605.218,-3605.218,-3605.218,4271.3984
0.012727793,-5941.4307,-5941.4307,-5941.4307,5122.086
0.012729461,-8261.545,-712.4359,-3136.336,-3965.8594
0.012731156,-10453.41,-10453.41,-10453.41,-8464.656
0.012732831,-12327.046,-12327.046,-12327.046,-12343.328
0.012734482,-13765.148,-3172.6414,-12366.506,-13765.148
0.012736109,-14693.264,-14693.264,-14693.264,-11736.499
0.012737745,-15154.948,-15154.948,-15154.948,-5239.047
0.012739392,-15188.355,-4879.643,-8277.129,-1422.6014
0.012741048,-14832.642,-14832.642,-14832.642,-1923.4452
0.012742685,-14143.743,-14143.743,-14143.743,-6601.8906
0.012744247,-13216.055,-7427.5464,-12082.061,-9852.492
0.012745759,-12104.748,-12104.748,-12104.748,-6978.3125
0.012747271,-10820.137,-10820.137,-10820.137,-4413.2266
0.01274883,-9352.361,-8207.133,-11532.428,-5452.961
0.012750455,-7709.9995,-7709.9995,-7709.9995,-7709.9995
0.012752103,-5973.5522,-5973.5522,-5973.5522,-4040.6875
0.012753752,-4216.121,-9104.722,-3888.8345,-3152.6326
0.012755346,-2547.8862,-2547.8862,-2547.8862,-1852.9686
0.012756952,-946.313,-946.313,-946.313,-1097.0546
0.01275857,537.58185,-6082.7637,-217.35014,2551.5547
0.012760201,1851.2991,1851.2991,1851.2991,3502.2966
0.012761866,2950.9883,2950.9883,2950.9883,541.55475
0.012763554,3761.626,-2251.603,1676.539,188.0391
0.012765227,4207.4385,4207.4385,4207.4385,5389.6797
0.012766884,4243.8125,4243.8125,4243.8125,4243.8125
0.012768522,3854.1875,-1940.9626,3456.9504,-3725.695
0.012770141,3116.4414,3116.4414,3116.4414,-8113.8203
0.012771766,2109.2517,2109.2517,2109.2517,-8530.398
0.012773367,939.07574,-1345.4287,1282.3215,-9082.07
0.012774914,-281.82034,-281.82034,-281.82034,-14218.562
0.01277642,-1484.1473,-1484.1473,-1484.1473,-16564.977
0.012777918,-2625.2852,-1580.7896,-805.015,-14881.882
0.012779431,-3653.7446,-3653.7446,-3653.7446,-10541.508
0.012780916,-4475.1357,-4475.1357,-4475.1357,-8002.9844
0.012782372,-5036.0234,-1112.4874,-3637.2659,-5036.0234
0.012783859,-5312.8438,-5312.8438,-5312.8438,-1797.5155
0.012785467,-5307.0137,-5307.0137,-5307.0137,3158.6484
0.012787098,-5034.006,-2471.9053,-2619.708,567.75
0.012788717,-4555.1777,-4555.1777,-4555.1777,-1543.2188
0.012790373,-3911.7773,-3911.7773,-3911.7773,-4518.8594
0.012792037,-3170.9033,-3343.6665,-1216.4446,-3538.0781
0.012793682,-2407.0461,-2407.0461,-2407.0461,-757.19525
0.012795262,-1700.6617,-1700.6617,-1700.6617,-1471.039
0.01279682,-1083.5411,-2504.32,-1237.8352,-461.39056
0.012798408,-589.4609,-589.4609,-589.4609,-589.4609
0.012800043,-264.70526,-264.70526,-264.70526,1445.0703
0.012801659,-108.27758,-2396.752,-468.5925,-1919.539
0.012803264,-81.62801,-81.62801,-81.62801,-2552.6875
0.012804867,-150.2263,-150.2263,-150.2263,-3184.4216
0.012806523,-286.28995,-1478.839,-194.17334,-1813.0469
0.012808166,-451.61298,-451.61298,-451.61298,-3112.3203
0.012809761,-607.5638,-607.5638,-607.5638,-2643.8203
0.012811335,-725.31964,-599.706,-1001.4123,-3003.3984
0.012812931,-776.16876,-776.16876,-776.16876,-3671.531
0.012814491,-728.3515,-728.3515,-728.3515,-728.3515
0.012816036,-564.0444,-822.2053,-677.4936,-4842.398
0.012817574,-294.99463,-294.99463,-294.99463,-6856.1016
0.012819123,64.17319,64.17319,64.17319,-3632.9216
0.012820701,502.17453,-607.2184,247.51857,-4760.492
0.012822323,1008.0009,1008.0009,1008.0009,-4536.6094
0.012823951,1551.4144,1551.4144,1551.4144,-3782.1404
0.012825578,2109.037,-1348.3344,833.4867,-944.5859
0.012827162,2645.682,2645.682,2645.682,-1291.8672
0.012828716,3147.1013,3147.1013,3147.1013,967.1329
0.012830257,3601.492,750.4266,1930.6974,3601.492
0.012831825,4006.4832,4006.4832,4006.4832,7572.297
0.012833417,4365.1807,4365.1807,4365.1807,7324.047
0.012835048,4690.351,754.48474,1652.8314,4890.797
0.012836705,4990.0806,4990.0806,4990.0806,7973.2026
0.012838331,5267.253,5267.253,5267.253,12040.5
0.012839899,5530.7285,1103.8684,2065.7683,12168.406
0.012841481,5804.6104,5804.6104,5804.6104,10883.539
0.012843092,6104.0156,6104.0156,6104.0156,5129.3516
0.012844705,6436.959,1734.2023,6048.874,2970.2344
0.012846293,6809.336,6809.336,6809.336,6809.336
0.012847803,7208.9414,7208.9414,7208.9414,7856.109
0.012849318,7632.1797,1203.6304,4168.5996,6719.789
0.012850873,8059.5137,8059.5137,8059.5137,8809.484
0.012852455,8454.896,8454.896,8454.896,10191.836
0.012854025,8775.723,1602.1525,3012.4465,11002.359
0.012855576,8991.102,8991.102,8991.102,6679.711
0.012857132,9074.388,9074.388,9074.388,3101.4922
0.01285866,8996.457,4106.8804,9474.325,2449.8203
0.012860222,8722.107,8722.107,8722.107,4644.992
0.012861787,8218.25,8218.25,8218.25,8218.25
0.012863306,7494.1934,5917.0986,8788.476,10689.797
0.01286481,6590.979,6590.979,6590.979,5053.4766
0.012866297,5570.1245,5570.1245,5570.1245,-355.0234
0.012867813,4454.1465,6565.3335,2625.6003,-1357.5781
0.012869375,3284.4004,3284.4004,3284.4004,2290.4688
0.012870966,2135.6934,2135.6934,2135.6934,5278.586
0.012872545,1102.5536,5902.04,817.9027,4992.203
0.012874124,240.14006,240.14006,240.14006,-826.164
0.012875728,-395.1843,-395.1843,-395.1843,-1985.4531
0.0128773,-718.02344,2893.5398,-148.71298,-718.02344
0.012878847,-707.1311,-707.1311,-707.1311,4194.9375
0.01288042,-418.05835,-418.05835,-418.05835,1975.336
0.012882024,81.374565,908.1797,-318.43805,-2981.656
0.012883577,680.9244,680.9244,680.9244,-5444.2183
0.012885109,1306.8641,1306.8641,1306.8641,-4811.3906
0.012886655,1896.3695,-1769.0402,931.5358,-2014.8438
0.012888215,2369.882,2369.882,2369.882,-185.05466
0.012889775,2642.279,2642.279,2642.279,4235.711
0.012891324,2635.3108,-2735.167,2434.4722,2975.836
0.012892849,2282.586,2282.586,2282.586,2282.586
0.012894331,1564.2411,1564.2411,1564.2411,1314.5625
0.012895805,533.8604,-3896.3901,615.7456,6350.633
0.012897289,-745.7179,-745.7179,-745.7179,7938.375
0.01289877,-2188.9255,-2188.9255,-2188.9255,5155.664
0.012900266,-3737.7922,-3242.4026,-661.0172,1164.5703
0.012901813,-5352.578,-5352.578,-5352.578,1274.0781
0.012903347,-6882.54,-6882.54,-6882.54,-1961.8749
0.012904878,-8254.301,-2884.4963,-7615.0464,-4829.6797
0.012906391,-9375.313,-9375.313,-9375.313,-5722.945
0.01290795,-10200.398,-10200.398,-10200.398,-10200.398
0.012909531,-10628.64,-3447.43,-10766.441,-11258.539
0.012911132,-10670.25,-10670.25,-10670.25,-10262.297
0.012912685,-10382.473,-10382.473,-10382.473,-12523.656
0.012914198,-9836.898,-4494.8936,-5955.964,-12114.202
0.012915686,-9087.837,-9087.837,-9087.837,-10011.477
0.012917192,-8157.91,-8157.91,-8157.91,-3281.0938
0.012918751,-7058.9697,-6390.366,-2905.3562,-2781.8513
0.012920312,-5867.124,-5867.124,-5867.124,-4926.1875
0.012921828,-4667.5117,-4667.5117,-4667.5117,-5900.3203
0.012923289,-3513.6794,-6224.393,-2991.2913,-3513.6794
0.012924737,-2411.527,-2411.527,-2411.527,-2593.0076
0.012926216,-1368.3143,-1368.3143,-1368.3143,-1477.9922
0.012927703,-444.51514,-2629.2917,-1385.7216,699.1406
0.012929207,319.97733,319.97733,319.97733,-72.039024
0.012930734,877.38354,877.38354,877.38354,-368.38275
0.012932284,1171.7645,-888.98944,924.54114,-2380.0232
0.012933807,1149.3655,1149.3655,1149.3655,-3800.5
0.01293529,787.96313,787.96313,787.96313,-3959.203