,time,spline,prediction(trained case 1),prediction(all),target
0,0.01078036,-0.10426111,-0.10426111,-0.1042611,-0.05077167
1,0.010781917,-0.07709819,-0.081623405,0.02529219,-0.07709819
2,0.010783456,-0.007817247,-0.007817247,-0.0078172,-0.10725655
3,0.010785036,0.07098882,0.07098882,0.07098882,-0.057609454
4,0.010786652,0.11885399,-0.075371884,0.01533656,0.11885399
5,0.010788272,0.112131834,0.112131834,0.11213183,0.16859077
6,0.010789881,0.07067064,0.07067064,0.07067064,0.074837126
7,0.010791478,0.036082815,-0.11325674,-0.000331,0.036082815
8,0.01079308,0.04222951,0.04222951,0.04222951,0.09876729
9,0.010794685,0.08504136,0.08504136,0.08504136,0.124067396
10,0.01079628,0.145095,-0.09070352,-0.0392223,0.145095
11,0.010797876,0.2014078,0.2014078,0.2014078,0.17782551
12,0.010799487,0.2177048,0.2177048,0.2177048,0.13667454
13,0.010801109,0.15975021,-0.087999225,-0.0680201,0.15975021
14,0.010802685,0.01683434,0.01683434,0.01683434,0.257002
15,0.010804225,-0.15566956,-0.15566956,-0.1556696,0.002515988
16,0.010805767,-0.28143984,-0.048841417,-0.0654747,-0.28143984
17,0.010807336,-0.2984642,-0.2984642,-0.2984642,-0.3882705
18,0.010808821,-0.2411423,-0.2411423,-0.2411423,-0.15086524
19,0.010810286,-0.1706537,-0.10374179,-0.0942593,-0.1706537
20,0.010811797,-0.13217577,-0.13217577,-0.1321758,-0.306689
21,0.01081336,-0.1277541,-0.1277541,-0.1277541,-0.25567645
22,0.010814907,-0.1499741,-0.12198415,-0.1179957,-0.1499741
23,0.010816446,-0.18401721,-0.18401721,-0.1840172,-0.15557006
24,0.01081797,-0.21102335,-0.21102335,-0.2110234,-0.14573407
25,0.010819511,-0.21335158,-0.14043584,-0.0684372,-0.21335158
26,0.010821102,-0.17879431,-0.17879431,-0.1787943,-0.003812912
27,0.010822716,-0.12626888,-0.12626888,-0.1262689,-0.011298426
28,0.010824289,-0.08579692,-0.15403742,-0.0308885,-0.08579692
29,0.010825864,-0.080351815,-0.080351815,-0.0803518,-0.10437127
30,0.010827478,-0.08998244,-0.08998244,-0.0899824,-0.014640748
31,0.010829094,-0.08245609,-0.1465959,-0.0340596,-0.08245609
32,0.010830656,-0.036534548,-0.036534548,-0.0365345,0.001996376
33,0.010832236,0.03635125,0.03635125,0.03635125,0.020754851
34,0.010833875,0.118633814,-0.117850944,-0.0282429,0.118633814
35,0.010835506,0.19510572,0.19510572,0.19510572,0.22150868
36,0.010837142,0.2666685,0.2666685,0.2666685,0.31140307
37,0.010838755,0.33934772,-0.11326192,-0.0240572,0.33934772
38,0.010840354,0.41734576,0.41734576,0.41734576,0.3457523
39,0.01084195,0.49668637,0.49668637,0.49668637,0.42483374
40,0.010843509,0.57002664,-0.07781525,0.00287659,0.57002664
41,0.010845004,0.62979347,0.62979347,0.62979347,0.7774985
42,0.010846542,0.658515,0.658515,0.658515,0.7124355
43,0.010848145,0.63732356,-0.06363739,0.02870949,0.63732356
44,0.010849777,0.55475295,0.55475295,0.55475295,0.51559067
45,0.01085143,0.43726063,0.43726063,0.43726063,0.38338783
46,0.010853087,0.3259808,-0.07392898,0.07391274,0.3259808
47,0.010854685,0.25407258,0.25407258,0.25407258,0.50995094
48,0.010856257,0.22067104,0.22067104,0.22067104,0.36693573
49,0.010857833,0.21879055,-0.098637916,0.05425999,0.21879055
50,0.010859394,0.24036492,0.24036492,0.24036492,0.1738429
51,0.010860946,0.2684436,0.2684436,0.2684436,0.23559363
52,0.010862495,0.28284496,-0.09794836,0.05163535,0.28284496
53,0.01086402,0.26777104,0.26777104,0.26777104,0.22344472
54,0.010865518,0.22745897,0.22745897,0.22745897,0.10575524
55,0.010866975,0.17039242,-0.098037444,0.05367058,0.17039242
56,0.01086838,0.108029455,0.108029455,0.10802946,0.23796852
57,0.010869771,0.056827974,0.056827974,0.05682797,0.13800992
58,0.010871203,0.035676718,-0.122740425,0.05928617,0.035676718
59,0.010872697,0.05541008,0.05541008,0.05541008,0.11743906
60,0.010874276,0.09995729,0.09995729,0.09995729,0.27019075
61,0.010875834,0.14718805,-0.12153533,0.06846859,0.14718805
62,0.010877461,0.17823951,0.17823951,0.17823951,0.28582886
63,0.010879125,0.19589658,0.19589658,0.19589658,0.25701958
64,0.010880781,0.20855503,-0.08763717,0.06007169,0.20855503
65,0.010882381,0.2214765,0.2214765,0.2214765,0.18195947
66,0.010883962,0.22893973,0.22893973,0.22893973,0.1844148
67,0.010885566,0.22252734,-0.047622014,0.04776345,0.22252734
68,0.010887147,0.1925364,0.1925364,0.1925364,0.2517314
69,0.010888694,0.12654682,0.12654682,0.12654682,0.26994196
70,0.010890236,0.014906236,-0.055779833,0.05907749,0.014906236
71,0.010891806,-0.13947622,-0.13947622,-0.1394762,-0.10720828
72,0.010893389,-0.28702736,-0.28702736,-0.2870274,-0.34731737
73,0.010894964,-0.35778588,-0.09630304,0.06501155,-0.35778588
74,0.010896534,-0.32071307,-0.32071307,-0.3207131,-0.39583048
75,0.010898128,-0.24025866,-0.24025866,-0.2402587,-0.27489045
76,0.010899729,-0.19785796,-0.09196615,0.00846302,-0.19785796
77,0.01090135,-0.25023365,-0.25023365,-0.2502337,-0.25004414
78,0.01090299,-0.34299517,-0.34299517,-0.3429952,-0.41193667
79,0.010904595,-0.39269108,-0.090066954,-0.0514645,-0.39269108
80,0.010906178,-0.3271849,-0.3271849,-0.3271849,-0.27427253
81,0.010907746,-0.20138377,-0.20138377,-0.2013838,-0.24099828
82,0.010909314,-0.09940874,-0.14130637,-0.0713106,-0.09940874
83,0.010910873,-0.083714835,-0.083714835,-0.0837148,-0.009761339
84,0.010912447,-0.13670821,-0.13670821,-0.1367082,-0.10123036
85,0.010914058,-0.2210683,-0.11357825,-0.0711813,-0.2210683
86,0.010915671,-0.30036163,-0.30036163,-0.3003616,0.04771301
87,0.010917265,-0.33372918,-0.33372918,-0.3337292,-0.017483419
88,0.010918883,-0.2839107,-0.10884951,-0.0419003,-0.2839107
89,0.010920535,-0.13500215,-0.13500215,-0.1350022,-0.06747077
90,0.010922154,0.053151052,0.053151052,0.05315105,0.15007572
91,0.010923776,0.20989516,-0.10612452,-0.0477007,0.20989516
92,0.010925372,0.27933574,0.27933574,0.27933574,0.09966261
93,0.010926929,0.2720624,0.2720624,0.2720624,-0.01899369
94,0.010928457,0.21715216,-0.10672966,-0.0060634,0.21715216
95,0.010929919,0.13957529,0.13957529,0.13957529,0.27789256
96,0.010931388,0.039528765,0.039528765,0.03952877,0.09511064
97,0.01093289,-0.087445445,-0.10599062,0.02636639,-0.087445445
98,0.0109344,-0.23152491,-0.23152491,-0.2315249,-0.18036187
99,0.010935892,-0.34024566,-0.34024566,-0.3402457,-0.29843658
100,0.010937374,-0.35419747,-0.13083237,0.04109951,-0.35419747
101,0.01093889,-0.24739438,-0.24739438,-0.2473944,-0.22243944
102,0.01094046,-0.10857177,-0.10857177,-0.1085718,0.003999743
103,0.010942066,-0.04762569,-0.087510966,0.01442982,-0.04762569
104,0.010943694,-0.14708655,-0.14708655,-0.1470866,-0.21230222
105,0.010945342,-0.32258764,-0.32258764,-0.3225876,-0.49619848
106,0.010947002,-0.45439026,-0.07307969,-0.0309464,-0.45439026
107,0.010948637,-0.46165007,-0.46165007,-0.4616501,-0.49107206
108,0.010950257,-0.38757816,-0.38757816,-0.3875782,-0.4542067
109,0.010951877,-0.31821254,-0.109253526,-0.0401255,-0.31821254
110,0.010953523,-0.30621767,-0.30621767,-0.3062177,-0.39853224
111,0.010955151,-0.31829414,-0.31829414,-0.3182941,-0.386605
112,0.010956738,-0.2968557,-0.12603343,-0.0354513,-0.2968557
113,0.010958294,-0.2069147,-0.2069147,-0.2069147,-0.040560275
114,0.010959894,-0.10137347,-0.10137347,-0.1013735,0.04846174
115,0.010961461,-0.03971859,-0.13583706,0.02388141,-0.03971859
116,0.010963007,-0.061983537,-0.061983537,-0.0619835,-0.16344528
117,0.010964574,-0.13142453,-0.13142453,-0.1314245,-0.2624043
118,0.010966155,-0.18670179,-0.12506096,0.04750197,-0.18670179
119,0.010967745,-0.17873451,-0.17873451,-0.1787345,-0.14430246
120,0.010969333,-0.11549564,-0.11549564,-0.1154956,-0.09112295
121,0.010970951,-0.01825509,-0.11889029,0.07216139,-0.01825509
122,0.010972568,0.08811302,0.08811302,0.08811302,0.17352113
123,0.010974144,0.1787214,0.1787214,0.1787214,0.16164483
124,0.010975716,0.23290022,-0.11548223,0.08137575,0.23290022
125,0.010977292,0.23421703,0.23421703,0.23421703,0.15386912
126,0.010978875,0.20901918,0.20901918,0.20901918,0.1297158
127,0.010980478,0.19122578,-0.10519482,0.051071,0.19122578
128,0.010982085,0.2031397,0.2031397,0.2031397,0.32610327
129,0.010983714,0.23269555,0.23269555,0.23269555,0.24789599
130,0.01098532,0.2581041,-0.093789816,0.0424725,0.2581041
131,0.010986878,0.26751998,0.26751998,0.26751998,0.22029814
132,0.010988371,0.2917168,0.2917168,0.2917168,0.3543688
133,0.010989851,0.3754262,-0.116399534,0.0286828,0.3754262
134,0.010991354,0.5384225,0.5384225,0.5384225,0.5005708
135,0.010992891,0.72010016,0.72010016,0.72010016,0.65766114
136,0.010994474,0.848531,-0.116021916,0.04425253,0.848531
137,0.010996032,0.8749824,0.8749824,0.8749824,0.9064463
138,0.0109976,0.8228624,0.8228624,0.8228624,0.96135235
139,0.010999168,0.7372756,-0.11193464,0.06279576,0.7372756
140,0.011000726,0.65775925,0.65775925,0.65775925,0.4139353
141,0.011002306,0.56495976,0.56495976,0.56495976,0.41280758
142,0.011003862,0.42292216,-0.08976681,0.06630264,0.42292216
143,0.011005383,0.22038747,0.22038747,0.22038747,0.20110765
144,0.011006899,0.031103535,0.031103535,0.03110354,0.03293952
145,0.011008432,-0.05789816,-0.07792282,0.04153333,-0.05789816
146,0.011009995,-0.008175258,-0.008175258,-0.0081753,0.10172258
147,0.011011592,0.09249218,0.09249218,0.09249218,0.22865632
148,0.01101321,0.14134778,-0.06492622,0.04125592,0.14134778
149,0.01101483,0.06864593,0.06864593,0.06864593,0.091753416
150,0.01101645,-0.067417644,-0.067417644,-0.0674176,0.024059633
151,0.011018069,-0.16786884,-0.08351144,0.06837688,-0.16786884
152,0.011019695,-0.14734532,-0.14734532,-0.1473453,-0.23725642
153,0.011021324,-0.064394966,-0.064394966,-0.064395,-0.06977416
154,0.011022909,-0.019858321,-0.15383522,0.0839534,-0.019858321
155,0.011024483,-0.07172675,-0.07172675,-0.0717268,-0.12662193
156,0.01102605,-0.1752892,-0.1752892,-0.1752892,-0.20747258
157,0.011027618,-0.27289218,-0.16029361,0.05920012,-0.27289218
158,0.011029211,-0.31461072,-0.31461072,-0.3146107,-0.3216788
159,0.011030844,-0.30739343,-0.30739343,-0.3073934,-0.22956324
160,0.011032528,-0.2759845,-0.16872646,0.04321728,-0.2759845
161,0.011034166,-0.23841466,-0.23841466,-0.2384147,-0.32671583
162,0.011035793,-0.19908346,-0.19908346,-0.1990835,-0.34817007
163,0.011037398,-0.15732345,-0.14443505,0.03186461,-0.15732345
164,0.011038978,-0.11566504,-0.11566504,-0.115665,-0.018307231
165,0.011040539,-0.08249147,-0.08249147,-0.0824915,0.003166397
166,0.011042105,-0.06800259,-0.11260977,0.01571367,-0.06800259
167,0.011043668,-0.07616682,-0.07616682,-0.0761668,-0.004154354
168,0.011045222,-0.074691564,-0.074691564,-0.0746916,0.000474187
169,0.011046778,-0.022635147,-0.09151632,-0.00139,-0.022635147
170,0.01104832,0.092055805,0.092055805,0.09205581,0.10534914
171,0.011049851,0.20917732,0.20917732,0.20917732,0.20460996
172,0.011051382,0.25007364,-0.100470744,-0.0186334,0.25007364
173,0.011052927,0.16449155,0.16449155,0.16449155,0.19481987
174,0.011054471,0.015204398,0.015204398,0.0152044,-0.031967606
175,0.011056009,-0.091448605,-0.102589995,-0.0261987,-0.091448605
176,0.01105758,-0.06970731,-0.06970731,-0.0697073,0.16215432
177,0.011059187,0.010853073,0.010853073,0.01085307,0.12918635
178,0.011060764,0.060713742,-0.09382049,-0.0278306,0.060713742
179,0.011062321,0.026506022,0.026506022,0.02650602,0.11884565
180,0.011063927,-0.029975742,-0.029975742,-0.0299757,0.19697428
181,0.011065569,-0.010662615,-0.13088578,-0.0413451,-0.010662615
182,0.011067181,0.13730612,0.13730612,0.13730612,-0.07361345
183,0.011068795,0.3228122,0.3228122,0.3228122,0.12880558
184,0.011070429,0.42744285,-0.10249546,-0.0221597,0.42744285
185,0.011072074,0.36205164,0.36205164,0.36205164,0.34777087
186,0.011073703,0.19623844,0.19623844,0.19623844,0.17782997
187,0.011075279,0.06673546,-0.07386331,0.00339514,0.06673546
188,0.011076834,0.07816697,0.07816697,0.07816697,0.05779599
189,0.011078402,0.16552667,0.16552667,0.16552667,0.19003192
190,0.011080014,0.22517993,-0.019951643,-0.0073245,0.22517993
191,0.011081649,0.1779967,0.1779967,0.1779967,0.05992926
192,0.011083246,0.065131575,0.065131575,0.06513158,-0.07097666
193,0.01108477,-0.041652534,-0.026128333,-0.03608,-0.041652534
194,0.011086334,-0.09437134,-0.09437134,-0.0943713,0.091389336
195,0.011087893,-0.11104169,-0.11104169,-0.1110417,0.006170852
196,0.011089415,-0.12395892,-0.02774552,-0.0471949,-0.12395892
197,0.011090984,-0.15332632,-0.15332632,-0.1533263,-0.1892486
198,0.011092593,-0.1793636,-0.1793636,-0.1793636,-0.21558824
199,0.011094207,-0.16928793,-0.034990743,-0.0487854,-0.16928793
200,0.011095837,-0.10007469,-0.10007469,-0.1000747,-0.102062814
201,0.011097481,-0.000647096,-0.000647096,-0.0006471,-0.018293526
202,0.011099115,0.09141853,-0.044779774,-0.04399,0.09141853
203,0.011100753,0.14785507,0.14785507,0.14785507,0.17745218
204,0.01110235,0.17555544,0.17555544,0.17555544,0.15826288
205,0.011103909,0.19216877,-0.060643144,-0.0191538,0.19216877
206,0.011105466,0.2090285,0.2090285,0.2090285,0.28020042
207,0.01110703,0.21351919,0.21351919,0.21351919,0.17245866
208,0.0111086,0.1857758,-0.08214233,0.01947296,0.1857758
209,0.011110159,0.1146329,0.1146329,0.1146329,0.053798787
210,0.011111679,0.039549682,0.039549682,0.03954968,0.02196152
211,0.011113185,0.014083914,-0.16654098,0.03638743,0.014083914
212,0.01111473,0.06538661,0.06538661,0.06538661,0.06189181
213,0.011116294,0.14790614,0.14790614,0.14790614,0.12899895
214,0.011117798,0.19701302,-0.17607602,0.05022821,0.19701302
215,0.011119216,0.16503021,0.16503021,0.16503021,0.16635323
216,0.011120663,0.091311604,0.091311604,0.0913116,0.11240443
217,0.011122153,0.036964428,-0.15839697,0.0580886,0.036964428
218,0.011123585,0.03940304,0.03940304,0.03940304,-0.07917783
219,0.011125008,0.052942228,0.052942228,0.05294223,-0.10837443
220,0.011126476,0.010994247,-0.08112581,0.05410751,0.010994247
221,0.011127966,-0.1265164,-0.1265164,-0.1265164,-0.19791129
222,0.011129494,-0.29851326,-0.29851326,-0.2985133,-0.3381762
223,0.01113105,-0.41649848,-0.076827586,0.0013615,-0.41649848
224,0.011132594,-0.4177585,-0.4177585,-0.4177585,-0.56897515
225,0.01113415,-0.33584926,-0.33584926,-0.3358493,-0.44486174
226,0.011135724,-0.21966112,-0.10126616,-0.0202458,-0.21966112
227,0.011137343,-0.113169104,-0.113169104,-0.1131691,-0.03234838
228,0.01113895,-0.026513897,-0.026513897,-0.0265139,0.09928541
229,0.011140571,0.031275507,-0.13085198,-0.0394215,0.031275507
230,0.011142209,0.055294305,0.055294305,0.05529431,-0.050583072
231,0.011143771,0.055821773,0.055821773,0.05582177,0.0678888
232,0.011145264,0.04723928,-0.12639149,-0.0310047,0.04723928
233,0.011146739,0.0434784,0.0434784,0.0434784,0.010839615
234,0.011148228,0.053034697,0.053034697,0.0530347,-0.017196203
235,0.01114976,0.08389577,-0.123315826,0.07835694,0.08389577
236,0.011151268,0.1424718,0.1424718,0.1424718,0.25281203
237,0.01115278,0.2265653,0.2265653,0.2265653,0.36722383
238,0.01115435,0.33289248,-0.095568344,0.10024931,0.33289248
239,0.011155989,0.44205245,0.44205245,0.44205245,0.18206672
240,0.011157647,0.50971,0.50971,0.50971,0.2742064
241,0.011159264,0.4894045,-0.09136311,0.03623599,0.4894045
242,0.011160854,0.35474566,0.35474566,0.35474566,0.48011166
243,0.01116245,0.17873569,0.17873569,0.17873569,0.3162223
244,0.011164063,0.071691744,-0.074358664,-0.0313997,0.071691744
245,0.011165672,0.11471817,0.11471817,0.11471817,0.17005634
246,0.011167229,0.23938683,0.23938683,0.23938683,0.47740754
247,0.011168771,0.34539983,-0.077646166,-0.0375036,0.34539983
248,0.011170326,0.35653517,0.35653517,0.35653517,0.07564663
249,0.011171849,0.30454117,0.30454117,0.30454117,0.059976928
250,0.011173354,0.24277523,-0.10803494,0.00348099,0.24277523
251,0.011174822,0.21524698,0.21524698,0.21524698,0.27354407
252,0.011176278,0.2125345,0.2125345,0.2125345,0.20662794
253,0.011177759,0.20855443,-0.122901045,0.02611066,0.20855443
254,0.011179305,0.18368126,0.18368126,0.18368126,0.17408721
255,0.011180943,0.1419216,0.1419216,0.1419216,0.065831505
256,0.011182582,0.08791145,-0.11556754,0.01645572,0.08791145
257,0.011184191,0.02631184,0.02631184,0.02631184,0.26097983
258,0.011185802,-0.02117601,-0.02117601,-0.021176,0.21509427
259,0.011187468,-0.026124652,-0.10208525,0.00830911,-0.026124652
260,0.011189139,0.020177582,0.020177582,0.02017758,-0.16716121
261,0.011190772,0.069261566,0.069261566,0.06926157,-0.10346165
262,0.011192375,0.061511036,-0.11951407,0.01091269,0.061511036
263,0.011193942,-0.036813166,-0.036813166,-0.0368132,0.07593415
264,0.011195477,-0.15240887,-0.15240887,-0.1524089,-0.19095999
265,0.011196959,-0.18333802,-0.1212334,0.02091368,-0.18333802
266,0.011198456,-0.08197702,-0.08197702,-0.081977,-0.13151772
267,0.011200053,0.07258983,0.07258983,0.07258983,0.09484666
268,0.011201655,0.17987356,-0.102505326,0.03389895,0.17987356
269,0.011203276,0.1665256,0.1665256,0.1665256,0.07489135
270,0.011204874,0.081268065,0.081268065,0.08126807,0.052209564
271,0.011206476,0.01239577,-0.10632228,0.03049861,0.01239577
272,0.011208046,0.028026616,0.028026616,0.02802662,0.046563845
273,0.011209638,0.10399281,0.10399281,0.10399281,0.001194016
274,0.01121123,0.19114473,-0.13115951,0.00532612,0.19114473
275,0.011212847,0.24662623,0.24662623,0.24662623,0.29609478
276,0.011214471,0.24775152,0.24775152,0.24775152,0.29061085
277,0.011216091,0.17533322,-0.11499177,0.02427653,0.17533322
278,0.011217666,0.027141029,0.027141029,0.02714103,-0.16422887
279,0.011219234,-0.14986746,-0.14986746,-0.1498675,-0.28786677
280,0.011220843,-0.2975213,-0.10585448,0.02489438,-0.2975213
281,0.011222502,-0.37868667,-0.37868667,-0.3786867,-0.27248606
282,0.011224145,-0.39244142,-0.39244142,-0.3924414,-0.2055714
283,0.011225747,-0.3409712,-0.16280763,0.03759626,-0.3409712
284,0.011227289,-0.23777469,-0.23777469,-0.2377747,-0.24878293
285,0.01122882,-0.1330001,-0.1330001,-0.1330001,-0.055387992
286,0.011230397,-0.09882626,-0.17876928,0.03046928,-0.09882626
287,0.011232,-0.1818919,-0.1818919,-0.1818919,-0.31402138
288,0.011233585,-0.31603533,-0.31603533,-0.3160353,-0.38124055
289,0.011235191,-0.42721012,-0.18501207,0.02759897,-0.42721012
290,0.011236812,-0.46404484,-0.46404484,-0.4640448,-0.2725558
291,0.011238439,-0.43480033,-0.43480033,-0.4348003,-0.2843427
292,0.011240024,-0.3584476,-0.20840065,-0.0044191,-0.3584476
293,0.011241546,-0.25654608,-0.25654608,-0.2565461,-0.4180436
294,0.011243021,-0.15762697,-0.15762697,-0.157627,-0.20538788
295,0.011244482,-0.0940413,-0.2112495,-0.0437077,-0.0940413
296,0.011245961,-0.08850566,-0.08850566,-0.0885057,-0.064884916
297,0.011247461,-0.12698571,-0.12698571,-0.1269857,-0.21915431
298,0.011248942,-0.17971474,-0.19348542,-0.0777763,-0.17971474
299,0.011250452,-0.22040452,-0.22040452,-0.2204045,-0.11828252
300,0.01125202,-0.23966132,-0.23966132,-0.2396613,-0.15860966
301,0.01125366,-0.22617117,-0.14887886,-0.0982283,-0.22617117
302,0.011255338,-0.17142658,-0.17142658,-0.1714266,-0.15273751
303,0.011256998,-0.0924722,-0.0924722,-0.0924722,-0.006548622
304,0.011258644,-0.011480468,-0.14033678,-0.139444,-0.011480468
305,0.011260338,0.053662855,0.053662855,0.05366286,-0.04621106
306,0.011262009,0.103801064,0.103801064,0.10380106,0.10204138
307,0.011263671,0.14556485,-0.083643615,-0.1578341,0.14556485
308,0.011265293,0.18201895,0.18201895,0.18201895,0.17241755
309,0.01126686,0.1960912,0.1960912,0.1960912,0.11517261
310,0.011268413,0.16327249,-0.072900094,-0.1272849,0.16327249
311,0.011269974,0.065562636,0.065562636,0.06556264,0.11550243
312,0.011271508,-0.053215154,-0.053215154,-0.0532152,-0.065786794
313,0.011272999,-0.11973588,-0.09003276,-0.0691092,-0.11973588
314,0.011274502,-0.09433285,-0.09433285,-0.0943329,-0.08689187
315,0.011276045,-0.022569915,-0.022569915,-0.0225699,0.101758935
316,0.01127761,0.03671505,-0.09945373,-0.0140968,0.03671505
317,0.011279212,0.03760088,0.03760088,0.03760088,-0.12849659
318,0.01128087,-0.015916487,-0.015916487,-0.0159165,-0.18924056
319,0.011282568,-0.10466415,-0.09758502,-0.0007673,-0.10466415
320,0.011284215,-0.212542,-0.212542,-0.212542,-0.035586122
321,0.011285762,-0.30704376,-0.30704376,-0.3070438,-0.29900983
322,0.01128727,-0.35514492,-0.08837628,-0.0735213,-0.35514492
323,0.011288766,-0.32995567,-0.32995567,-0.3299557,-0.44818977
324,0.01129027,-0.25147074,-0.25147074,-0.2514707,-0.39679495
325,0.011291825,-0.15168458,-0.07106464,-0.1124447,-0.15168458
326,0.011293463,-0.06007012,-0.06007012,-0.0600701,-0.12641665
327,0.011295042,0.015404628,0.015404628,0.01540463,-0.013050329
328,0.011296568,0.07237969,-0.06955335,-0.0834074,0.07237969
329,0.011298149,0.104262866,0.104262866,0.10426287,0.13880573
330,0.011299805,0.10284345,0.10284345,0.10284345,0.15576671
331,0.011301439,0.062083684,-0.084530585,-0.0638638,0.062083684
332,0.011303054,-0.016903326,-0.016903326,-0.0169033,-0.15437888
333,0.011304663,-0.11012167,-0.11012167,-0.1101217,-0.2280485
334,0.011306253,-0.18951437,-0.09123078,-0.0541283,-0.18951437
335,0.011307798,-0.23071791,-0.23071791,-0.2307179,-0.12813608
336,0.011309322,-0.23641953,-0.23641953,-0.2364195,-0.05079729
337,0.011310853,-0.21250989,-0.1254527,-0.0599723,-0.21250989
338,0.011312393,-0.16929904,-0.16929904,-0.169299,-0.4230288
339,0.011313936,-0.12902966,-0.12902966,-0.1290297,-0.434095
340,0.011315511,-0.11612124,-0.12012699,-0.0571359,-0.11612124
341,0.011317073,-0.1438117,-0.1438117,-0.1438117,0.2913873
342,0.01131859,-0.1562066,-0.1562066,-0.1562066,0.22495468
343,0.011320076,-0.08485632,-0.12559408,-0.0634223,-0.08485632
344,0.011321546,0.1107139,0.1107139,0.1107139,-0.08539619
345,0.011323023,0.34747517,0.34747517,0.34747517,0.32839534
346,0.011324521,0.5054466,-0.12998796,-0.0359162,0.5054466
347,0.011326048,0.49670798,0.49670798,0.49670798,0.30501667
348,0.011327502,0.369116,0.369116,0.369116,0.18914434
349,0.011328957,0.23348449,-0.12970787,0.05159596,0.23348449
350,0.011330452,0.16759577,0.16759577,0.16759577,0.17740451
351,0.011332012,0.15233645,0.15233645,0.15233645,0.24443597
352,0.011333642,0.15318862,-0.14572257,0.07058775,0.15318862
353,0.011335281,0.14617431,0.14617431,0.14617431,0.115725294
354,0.01133693,0.13483693,0.13483693,0.13483693,0.11995638
355,0.011338544,0.12860894,-0.22312646,0.09091926,0.12860894
356,0.01134017,0.13075195,0.13075195,0.13075195,0.0804018
357,0.011341836,0.120080695,0.120080695,0.1200807,-0.002320814
358,0.011343531,0.06491712,-0.21788666,0.0848463,0.06491712
359,0.01134519,-0.050100096,-0.050100096,-0.0501001,0.109985724
360,0.0113468,-0.16953413,-0.16953413,-0.1695341,-0.1105378
361,0.011348365,-0.2162893,-0.16687363,0.06276795,-0.2162893
362,0.011349924,-0.1441933,-0.1441933,-0.1441933,-0.0443224
363,0.011351538,-0.012882852,-0.012882852,-0.0128829,0.1150153
364,0.011353177,0.09698142,-0.112927765,0.01970568,0.09698142
365,0.011354833,0.12573448,0.12573448,0.12573448,-0.033454344
366,0.011356488,0.097106636,0.097106636,0.09710664,0.02687251
367,0.011358081,0.05157643,-0.107882,-0.0295188,0.05157643
368,0.011359623,0.020892913,0.020892913,0.02089291,-0.037262052
369,0.011361172,0.00231249,0.00231249,0.00231249,-0.002775773
370,0.011362706,-0.01485616,-0.10241039,-0.0043215,-0.01485616
371,0.011364249,-0.041912712,-0.041912712,-0.0419127,-0.053868487
372,0.011365811,-0.09093439,-0.09093439,-0.0909344,-0.08308595
373,0.011367403,-0.17434819,-0.09924945,0.00718706,-0.17434819
374,0.011369023,-0.29355618,-0.29355618,-0.2935562,-0.35422486
375,0.011370662,-0.39020985,-0.39020985,-0.3902099,-0.34987223
376,0.011372316,-0.3870841,-0.104691215,-0.0220336,-0.3870841
377,0.011373944,-0.24170291,-0.24170291,-0.2417029,-0.30814445
378,0.011375561,-0.028078036,-0.028078036,-0.028078,0.00699228
379,0.011377165,0.1491366,-0.09978078,-0.0493301,0.1491366
380,0.011378745,0.20261516,0.20261516,0.20261516,0.33208954
381,0.011380326,0.17360483,0.17360483,0.17360483,0.3362363
382,0.011381887,0.12560746,-0.10082927,-0.0768001,0.12560746
383,0.011383404,0.108749814,0.108749814,0.10874981,0.092595704
384,0.011384935,0.116783604,0.116783604,0.1167836,-0.029362397
385,0.011386467,0.12800859,-0.107048556,-0.0730099,0.12800859
386,0.011388,0.12676233,0.12676233,0.12676233,0.15830667
387,0.011389516,0.11511462,0.11511462,0.11511462,0.2730808
388,0.011391053,0.09950946,-0.10886796,-0.0948638,0.09950946
389,0.011392599,0.082092494,0.082092494,0.08209249,-0.02255679
390,0.011394187,0.050100088,0.050100088,0.05010009,-0.009258114
391,0.011395789,-0.013029473,-0.09991955,-0.0764841,-0.013029473
392,0.011397394,-0.1225799,-0.1225799,-0.1225799,-0.27170902
393,0.011399,-0.25587437,-0.25587437,-0.2558744,-0.49188903
394,0.01140055,-0.37549472,-0.118989006,-0.0440618,-0.37549472
395,0.01140209,-0.45697764,-0.45697764,-0.4569776,-0.31926516
396,0.011403672,-0.4840815,-0.4840815,-0.4840815,-0.24246655
397,0.011405221,-0.44218263,-0.14189902,-0.0487802,-0.44218263
398,0.01140674,-0.32422426,-0.32422426,-0.3242243,-0.37481958
399,0.011408305,-0.17274463,-0.17274463,-0.1727446,-0.049320985
400,0.01140995,-0.053745735,-0.14160386,-0.0478068,-0.053745735
401,0.011411539,-0.021520471,-0.021520471,-0.0215205,-0.29014692
402,0.01141304,-0.04497479,-0.04497479,-0.0449748,-0.34669438
403,0.011414524,-0.069857284,-0.12474263,-0.0558556,-0.069857284
404,0.011416028,-0.054341767,-0.054341767,-0.0543418,0.07302801
405,0.0114176,-0.001569306,-0.001569306,-0.0015693,0.024286367
406,0.01141924,0.07807308,-0.11977817,-0.0535159,0.07807308
407,0.01142086,0.16270798,0.16270798,0.16270798,0.32447323
408,0.011422447,0.22952,0.22952,0.22952,0.34565815
409,0.011424029,0.24976945,-0.1410837,-0.0662196,0.24976945
410,0.011425655,0.20849788,0.20849788,0.20849788,-0.022326479
411,0.011427329,0.1331404,0.1331404,0.1331404,-0.000290931
412,0.011428992,0.06394017,-0.13209014,-0.0247302,0.06394017
413,0.011430643,0.03058683,0.03058683,0.03058683,-0.015204753
414,0.011432242,0.033889547,0.033889547,0.03388955,-0.082493335
415,0.011433814,0.06548411,-0.10382515,-0.0022765,0.06548411
416,0.0114354,0.113597535,0.113597535,0.11359754,0.2442864
417,0.011437025,0.15837415,0.15837415,0.15837415,0.32245168
418,0.011438638,0.17755349,-0.08371733,0.05346056,0.17755349
419,0.011440211,0.15929687,0.15929687,0.15929687,0.18023229
420,0.011441772,0.11829747,0.11829747,0.11829747,0.120654464
421,0.011443342,0.07797297,-0.0839299,0.01193416,0.07797297
422,0.011444949,0.05715161,0.05715161,0.05715161,0.048626203
423,0.011446584,0.039311644,0.039311644,0.03931164,0.000552545
424,0.011448216,0.001261649,-0.09863622,0.00379225,0.001261649
425,0.011449886,-0.06466131,-0.06466131,-0.0646613,-0.029354949
426,0.011451473,-0.11888969,-0.11888969,-0.1188897,-0.13061735
427,0.011452973,-0.11078479,-0.11933432,-0.0200174,-0.11078479
428,0.011454481,-0.004756816,-0.004756816,-0.0047568,0.09916832
429,0.011456066,0.14939259,0.14939259,0.14939259,0.15442002
430,0.011457715,0.28300437,-0.124801815,-0.0064806,0.28300437
431,0.01145931,0.34130162,0.34130162,0.34130162,0.35215896
432,0.011460878,0.35638428,0.35638428,0.35638428,0.2585677
433,0.011462435,0.38728523,-0.120706856,-0.0087335,0.38728523
434,0.011464025,0.47015566,0.47015566,0.47015566,0.66881907
435,0.011465644,0.5504425,0.5504425,0.5504425,0.5765778
436,0.011467238,0.5442418,-0.107671216,0.00106207,0.5442418
437,0.011468812,0.39717972,0.39717972,0.39717972,0.4717797
438,0.011470396,0.20287183,0.20287183,0.20287183,0.15812673
439,0.011472021,0.066854045,-0.10225991,-0.0136591,0.066854045
440,0.011473688,0.05761499,0.05761499,0.05761499,0.14036785
441,0.011475363,0.1148809,0.1148809,0.1148809,0.18494692
442,0.011477042,0.13607061,-0.06353243,-0.0601639,0.13607061
443,0.011478737,0.05119398,0.05119398,0.05119398,0.19762023
444,0.011480386,-0.068739645,-0.068739645,-0.0687396,-0.025234995
445,0.011482005,-0.12675333,-0.057204068,-0.0841212,-0.12675333
446,0.011483628,-0.052091468,-0.052091468,-0.0520915,0.031240053
447,0.011485241,0.08239733,0.08239733,0.08239733,0.27198404
448,0.011486835,0.17239341,-0.07724863,-0.1042019,0.17239341
449,0.011488408,0.1442055,0.1442055,0.1442055,0.098043285
450,0.011489959,0.048143826,0.048143826,0.04814383,-0.047339965
451,0.011491498,-0.038096886,-0.11329207,-0.017439,-0.038096886