,time,spline,prediction probe,prediction case,prediction cases across domain,target
0,0.010835057,4761.8823,11255.131,1029.2897,4911.5894,4761.8823
1,0.010836639,4251.682,4251.682,4251.682,4251.682,6452.7256
2,0.010838216,5710.357,5710.357,5710.357,5710.357,5760.148
3,0.010839804,7857.0693,7208.6704,896.939,1817.2186,7857.0693
4,0.010841384,9527.11,9527.11,9527.11,9527.11,7774.914
5,0.010842958,10234.1045,10234.1045,10234.1045,10234.1045,7514.179
6,0.01084454,9646.702,8046.0205,4391.7866,3685.4426,9646.702
7,0.010846136,7625.298,7625.298,7625.298,7625.298,6936.859
8,0.010847734,4979.6245,4979.6245,4979.6245,4979.6245,1505.2965
9,0.010849314,2780.2573,4531.8726,-3206.9355,4156.4697,2780.2573
10,0.010850886,1715.0813,1715.0813,1715.0813,1715.0813,5256.5464
11,0.010852458,1283.5903,1283.5903,1283.5903,1283.5903,2804.9683
12,0.01085405,689.109,1027.9795,861.9516,2818.108,689.109
13,0.010855652,-553.2321,-553.2321,-553.2321,-553.2321,-2184.469
14,0.010857305,-1602.547,-1602.547,-1602.547,-1602.547,675.3199
15,0.010858976,-1101.3363,-1200.1735,-3673.4038,-3464.1694,-1101.3363
16,0.010860641,1711.8792,1711.8792,1711.8792,1711.8792,-3748.3909
17,0.010862289,5206.3125,5206.3125,5206.3125,5206.3125,-1535.3207
18,0.01086394,7283.5537,4013.8032,4039.0874,2993.207,7283.5537
19,0.0108656,6484.6187,6484.6187,6484.6187,6484.6187,8731.749
20,0.010867229,4164.896,4164.896,4164.896,4164.896,6913.9917
21,0.010868818,2276.1948,4311.888,5276.528,4266.737,2276.1948
22,0.010870328,1970.1398,1970.1398,1970.1398,1970.1398,1526.0778
23,0.010871845,2226.0034,2226.0034,2226.0034,2226.0034,1008.5855
24,0.010873372,1630.6792,1542.7433,5708.5,-336.2566,1630.6792
25,0.01087492,-769.23755,-769.23755,-769.23755,-769.23755,-2327.3752
26,0.01087646,-3724.6711,-3724.6711,-3724.6711,-3724.6711,-2799.9377
27,0.010877967,-5474.961,-3661.3398,-3022.6128,-3020.6646,-5474.961
28,0.010879477,-4918.161,-4918.161,-4918.161,-4918.161,-4602.836
29,0.010881015,-2775.1172,-2775.1172,-2775.1172,-2775.1172,-773.0707
30,0.010882591,-309.85193,-2905.8892,-7606.3257,-2940.8596,-309.85193
31,0.010884167,1302.583,1302.583,1302.583,1302.583,-2304.4534
32,0.01088572,2085.969,2085.969,2085.969,2085.969,-1127.016
33,0.010887236,2376.562,2107.9065,316.2608,1123.5189,2376.562
34,0.010888791,2467.1306,2467.1306,2467.1306,2467.1306,-1767.1019
35,0.010890395,2536.7346,2536.7346,2536.7346,2536.7346,1827.2417
36,0.010892044,2770.023,1888.7441,4002.8066,1090.4053,2770.023
37,0.010893672,3345.7883,3345.7883,3345.7883,3345.7883,3723.382
38,0.010895283,4417.9146,4417.9146,4417.9146,4417.9146,10621.625
39,0.01089688,6129.7026,3192.5742,1433.2797,2346.787,6129.7026
40,0.010898478,8459.077,8459.077,8459.077,8459.077,6393.9917
41,0.010900079,10640.02,10640.02,10640.02,10640.02,12522.569
42,0.010901663,11708.054,8635.961,7565.351,7065.6987,11708.054
43,0.010903199,11140.563,11140.563,11140.563,11140.563,9251.344
44,0.010904731,9711.335,9711.335,9711.335,9711.335,8008.624
45,0.010906303,8420.554,9091.797,7100.7036,6692.885,8420.554
46,0.010907903,8059.901,8059.901,8059.901,8059.901,6641.1245
47,0.010909542,8015.478,8015.478,8015.478,8015.478,8438.405
48,0.01091121,7210.64,8568.22,4329.3003,5889.495,7210.64
49,0.01091293,4787.9155,4787.9155,4787.9155,4787.9155,3234.5308
50,0.01091466,1483.7906,1483.7906,1483.7906,1483.7906,3369.4917
51,0.010916386,-1520.4143,1168.2749,-681.6365,2081.0774,-1520.4143
52,0.010918066,-3276.5366,-3276.5366,-3276.5366,-3276.5366,5147.1636
53,0.010919691,-3879.7307,-3879.7307,-3879.7307,-3879.7307,-88.76601
54,0.01092125,-3637.6096,-4324.7856,-4729.404,2146.794,-3637.6096
55,0.010922812,-2813.9275,-2813.9275,-2813.9275,-2813.9275,1146.6012
56,0.010924377,-1794.9429,-1794.9429,-1794.9429,-1794.9429,4262.6167
57,0.010925959,-1008.4144,-1372.6058,-2578.8748,-5905.747,-1008.4144
58,0.010927521,-890.2022,-890.2022,-890.2022,-890.2022,-4319.0864
59,0.010929067,-1760.0713,-1760.0713,-1760.0713,-1760.0713,-4413.7734
60,0.010930621,-3948.938,-943.89154,-1984.1223,-752.4121,-3948.938
61,0.010932191,-7596.923,-7596.923,-7596.923,-7596.923,-8411.375
62,0.010933769,-11880.154,-11880.154,-11880.154,-11880.154,-9547.141
63,0.010935356,-15722.039,-10841.38,-7764.419,-7205.136,-15722.039
64,0.010936937,-18161.043,-18161.043,-18161.043,-18161.043,-18377.96
65,0.010938509,-18951.787,-18951.787,-18951.787,-18951.787,-17994.664
66,0.010940072,-18027.742,-14399.652,-11956.168,-15591.93,-18027.742
67,0.010941667,-15396.437,-15396.437,-15396.437,-15396.437,-15478.844
68,0.010943222,-11889.967,-11889.967,-11889.967,-11889.967,-17123.57
69,0.010944757,-8341.992,-14396.286,-12488.07,-8355.771,-8341.992
70,0.010946297,-5354.2485,-5354.2485,-5354.2485,-5354.2485,-5670.8203
71,0.010947889,-2903.2402,-2903.2402,-2903.2402,-2903.2402,-6812.797
72,0.010949504,-944.8519,-2024.676,-6850.503,-6961.404,-944.8519
73,0.010951092,579.7309,579.7309,579.7309,579.7309,6280.4526
74,0.010952692,1767.5651,1767.5651,1767.5651,1767.5651,7503.101
75,0.010954279,2637.5073,1305.3043,167.9646,-752.4651,2637.5073
76,0.010955845,3182.602,3182.602,3182.602,3182.602,4397.601
77,0.010957344,3222.2449,3222.2449,3222.2449,3222.2449,3929.9763
78,0.010958806,2589.437,2559.2974,1657.412,3202.6272,2589.437
79,0.010960249,1298.7268,1298.7268,1298.7268,1298.7268,1288.1948
80,0.010961707,81.411446,81.411446,81.411446,81.411446,1038.1245
81,0.010963234,-56.15663,387.18054,630.3974,1011.8008,-56.15663
82,0.010964839,1833.66,1833.66,1833.66,1833.66,2140.4917
83,0.010966446,5019.3667,5019.3667,5019.3667,5019.3667,3542.906
84,0.010968037,8270.093,3795.529,1473.9648,1188.2708,8270.093
85,0.01096961,10630.331,10630.331,10630.331,10630.331,5980.1167
86,0.010971158,11981.344,11981.344,11981.344,11981.344,8259.78
87,0.01097271,12419.78,9532.294,9883.974,10708.867,12419.78
88,0.010974301,11943.496,11943.496,11943.496,11943.496,7896.5073
89,0.010975925,10405.415,10405.415,10405.415,10405.415,4919.429
90,0.010977543,7701.4683,9690.745,4474.99,6035.236,7701.4683
91,0.010979122,4130.0786,4130.0786,4130.0786,4130.0786,3497.976
92,0.010980632,1158.4484,1158.4484,1158.4484,1158.4484,1158.0074
93,0.010982107,140.10117,936.6012,7215.0967,951.44336,140.10117
94,0.010983611,1902.1885,1902.1885,1902.1885,1902.1885,736.6871
95,0.010985197,5229.083,5229.083,5229.083,5229.083,4985.656
96,0.01098682,7770.929,6068.7305,1591.1676,1816.3372,7770.929
97,0.010988459,7633.3,7633.3,7633.3,7633.3,4148.14
98,0.0109901,5872.779,5872.779,5872.779,5872.779,4738.202
99,0.010991729,4333.187,6144.5654,4429.109,5877.12,4333.187
100,0.010993373,4320.5586,4320.5586,4320.5586,4320.5586,3230.4448
101,0.010994974,5161.8433,5161.8433,5161.8433,5161.8433,1825.9683
102,0.010996558,5753.7026,4683.8823,14.894146,1951.3912,5753.7026
103,0.010998151,5304.4756,5304.4756,5304.4756,5304.4756,8461.594
104,0.01099981,3972.5317,3972.5317,3972.5317,3972.5317,4224.562
105,0.011001479,2289.2573,3667.0703,1193.4257,6859.735,2289.2573
106,0.01100313,688.60223,688.60223,688.60223,688.60223,-2653.672
107,0.01100476,-994.5794,-994.5794,-994.5794,-994.5794,-1547.3207
108,0.011006366,-3048.0784,-601.4219,-56.057888,1820.1879,-3048.0784
109,0.011007968,-5629.362,-5629.362,-5629.362,-5629.362,-7900.571
110,0.011009566,-8289.714,-8289.714,-8289.714,-8289.714,-7142.836
111,0.011011167,-10448.953,-8363.952,-8225.634,-6226.3657,-10448.953
112,0.011012782,-11694.736,-11694.736,-11694.736,-11694.736,-9742.5625
113,0.011014423,-12317.456,-12317.456,-12317.456,-12317.456,-14235.438
114,0.011016029,-12788.352,-10879.048,-10518.295,-9722.082,-12788.352
115,0.011017539,-13363.552,-13363.552,-13363.552,-13363.552,-9358.305
116,0.011019017,-13600.042,-13600.042,-13600.042,-13600.042,-15045.446
117,0.011020517,-12881.375,-11474.274,-8300.27,-9890.818,-12881.375
118,0.011022069,-10768.569,-10768.569,-10768.569,-10768.569,-10569.82
119,0.01102369,-8054.056,-8054.056,-8054.056,-8054.056,-5881.453
120,0.011025257,-6221.0005,-11488.82,-5237.1943,-6941.2275,-6221.0005
121,0.011026752,-5926.4316,-5926.4316,-5926.4316,-5926.4316,-5681.477
122,0.011028232,-5983.084,-5983.084,-5983.084,-5983.084,-4223.3984
123,0.011029775,-4821.6724,-6825.3413,-3172.9993,-2062.1829,-4821.6724
124,0.011031365,-1286.2991,-1286.2991,-1286.2991,-1286.2991,-4980.453
125,0.011032904,2822.1143,2822.1143,2822.1143,2822.1143,1264.023
126,0.011034419,5415.6636,2678.6821,-2379.6135,3689.5217,5415.6636
127,0.011035942,5119.615,5119.615,5119.615,5119.615,2861.8354
128,0.011037502,2908.915,2908.915,2908.915,2908.915,442.39804
129,0.011039119,497.03085,4394.8027,-1443.8611,2907.7004,497.03085
130,0.011040751,-540.43,-540.43,-540.43,-540.43,4009.7573
131,0.011042394,-624.8357,-624.8357,-624.8357,-624.8357,1735.9761
132,0.011044038,-713.54724,-328.2942,-2192.5544,-1146.1202,-713.54724
133,0.011045625,-1446.1654,-1446.1654,-1446.1654,-1446.1654,-7503.5703
134,0.011047194,-2347.435,-2347.435,-2347.435,-2347.435,-8280.742
135,0.011048772,-2714.1565,-1996.2925,-3355.6614,-1548.0946,-2714.1565
136,0.011050377,-1885.1656,-1885.1656,-1885.1656,-1885.1656,10.538677
137,0.011052008,491.14017,491.14017,491.14017,491.14017,3638.9602
138,0.011053621,4560.015,318.42584,-4508.01,-1712.9569,4560.015
139,0.011055265,10153.609,10153.609,10153.609,10153.609,8088.788
140,0.01105691,14837.918,14837.918,14837.918,14837.918,14555.132
141,0.011058502,15773.569,11010.539,8850.392,6809.964,15773.569
142,0.01106007,11718.737,11718.737,11718.737,11718.737,10482.64
143,0.011061661,5451.2144,5451.2144,5451.2144,5451.2144,1748.2496
144,0.011063267,1031.9996,6827.1743,6432.731,284.5639,1031.9996
145,0.011064911,1480.2399,1480.2399,1480.2399,1480.2399,6858.741
146,0.011066594,4718.517,4718.517,4718.517,4718.517,8459.882
147,0.01106819,6855.5386,866.98004,-449.51428,3524.242,6855.5386
148,0.011069716,5758.228,5758.228,5758.228,5758.228,2506.8198
149,0.011071222,2919.746,2919.746,2919.746,2919.746,746.92926
150,0.011072764,386.4996,1164.0652,631.62933,3707.752,386.4996
151,0.011074395,-54.845745,-54.845745,-54.845745,-54.845745,182.33556
152,0.011076059,1310.0804,1310.0804,1310.0804,1310.0804,1856.7573
153,0.011077729,3323.5151,80.91348,2590.259,-254.6721,3323.5151
154,0.011079392,4994.552,4994.552,4994.552,4994.552,1950.6324
155,0.011081029,6252.67,6252.67,6252.67,6252.67,4201.359
156,0.011082673,7291.0303,4766.401,5539.031,3616.628,7291.0303
157,0.011084336,8127.554,8127.554,8127.554,8127.554,7244.4756
158,0.011086011,8169.003,8169.003,8169.003,8169.003,3899.648
159,0.011087705,6639.265,6425.198,8723.148,8990.74,6639.265
160,0.011089358,3411.6448,3411.6448,3411.6448,3411.6448,13123.421
161,0.011090931,458.43362,458.43362,458.43362,458.43362,11489.116
162,0.011092464,-304.25818,446.2191,321.14395,1736.2668,-304.25818
163,0.011093996,2144.068,2144.068,2144.068,2144.068,-998.8831
164,0.011095562,5769.147,5769.147,5769.147,5769.147,7451.015
165,0.011097101,7454.335,5088.1587,1888.9164,4099.4985,7454.335
166,0.011098631,5259.651,5259.651,5259.651,5259.651,3419.0698
167,0.011100166,818.0653,818.0653,818.0653,818.0653,-851.0394
168,0.011101713,-3334.297,-91.40548,-464.63696,2453.5767,-3334.297
169,0.011103306,-5162.646,-5162.646,-5162.646,-5162.646,-1095.3752
170,0.011104912,-4910.241,-4910.241,-4910.241,-4910.241,-1341.3988
171,0.01110653,-3608.508,-5688.249,-4652.2466,-2631.4558,-3608.508
172,0.011108136,-2124.6038,-2124.6038,-2124.6038,-2124.6038,-4528.063
173,0.011109775,-342.3224,-342.3224,-342.3224,-342.3224,-2574.6174
174,0.011111409,2014.5778,169.04013,-552.2638,-3139.685,2014.5778
175,0.011113022,4964.2476,4964.2476,4964.2476,4964.2476,4987.695
176,0.011114639,7589.1265,7589.1265,7589.1265,7589.1265,7342.945
177,0.011116227,8676.359,6218.127,1002.0598,5749.299,8676.359
178,0.011117809,7539.335,7539.335,7539.335,7539.335,8577.538
179,0.011119402,4990.6304,4990.6304,4990.6304,4990.6304,2332.3745
180,0.011121013,2244.601,2999.795,370.33902,163.73026,2244.601
181,0.011122627,323.42163,323.42163,323.42163,323.42163,2676.4292
182,0.011124208,-872.9147,-872.9147,-872.9147,-872.9147,1416.3745
183,0.011125777,-1771.3519,-505.86783,868.29156,-931.31744,-1771.3519
184,0.011127395,-2648.4106,-2648.4106,-2648.4106,-2648.4106,-933.0394
185,0.011129024,-3151.9753,-3151.9753,-3151.9753,-3151.9753,-2427.8284
186,0.011130653,-2796.8364,-3079.1045,-5869.825,1742.0488,-2796.8364
187,0.011132281,-1362.5184,-1362.5184,-1362.5184,-1362.5184,1146.109
188,0.011133903,338.4604,338.4604,338.4604,338.4604,866.4449
189,0.011135511,1255.7573,506.49854,-2094.8582,2055.1375,1255.7573
190,0.011137135,752.43964,752.43964,752.43964,752.43964,2136.4604
191,0.01113876,-270.65784,-270.65784,-270.65784,-270.65784,4297.2964
192,0.011140416,-488.84415,658.8836,-2242.613,-1422.1517,-488.84415
193,0.011142042,976.23987,976.23987,976.23987,976.23987,336.4293
194,0.011143625,3043.6296,3043.6296,3043.6296,3043.6296,4266.3667
195,0.011145171,4353.937,2418.7815,-383.0302,3923.5503,4353.937
196,0.011146685,4086.1475,4086.1475,4086.1475,4086.1475,-2740.4377
197,0.011148198,2893.0186,2893.0186,2893.0186,2893.0186,-2537.3596
198,0.011149747,1728.9292,2462.7683,58.271816,2767.255,1728.9292
199,0.011151359,1369.9471,1369.9471,1369.9471,1369.9471,5122.101
200,0.011152975,1427.7769,1427.7769,1427.7769,1427.7769,3221.8901
201,0.011154616,1119.445,1566.7379,2672.2715,1387.8319,1119.445
202,0.01115626,-140.00063,-140.00063,-140.00063,-140.00063,1986.148
203,0.011157899,-2014.1965,-2014.1965,-2014.1965,-2014.1965,-3185.7896
204,0.01115947,-3876.891,-1557.4523,2714.1943,1106.7655,-3876.891
205,0.011160947,-5180.58,-5180.58,-5180.58,-5180.58,-2763.0862
206,0.011162374,-5337.079,-5337.079,-5337.079,-5337.079,-3836.6409
207,0.011163869,-3552.9688,-5170.9355,-3678.2405,-4600.568,-3552.9688
208,0.011165422,699.854,699.854,699.854,699.854,-66.445694
209,0.011166985,5457.063,5457.063,5457.063,5457.063,3672.7183
210,0.011168586,8121.3506,4496.4004,3471.3767,7360.378,8121.3506
211,0.011170226,6618.614,6618.614,6618.614,6618.614,6648.9214
212,0.011171877,2700.9294,2700.9294,2700.9294,2700.9294,1047.3589
213,0.011173525,-714.75037,3327.564,3462.691,236.44727,-714.75037
214,0.011175173,-1422.259,-1422.259,-1422.259,-1422.259,5253.4604
215,0.011176787,-11.398456,-11.398456,-11.398456,-11.398456,5748.6787
216,0.011178368,2263.359,-920.0022,1538.2794,-3177.468,2263.359
217,0.011179941,4466.55,4466.55,4466.55,4466.55,5127.8354
218,0.011181536,6313.9585,6313.9585,6313.9585,6313.9585,5449.937
219,0.0111831,7582.374,4875.0947,3688.237,4508.564,7582.374
220,0.01118464,8179.328,8179.328,8179.328,8179.328,9421.022
221,0.011186173,8135.8774,8135.8774,8135.8774,8135.8774,7106.1094
222,0.011187696,7499.343,6510.2246,9373.797,6044.2026,7499.343
223,0.011189261,6367.323,6367.323,6367.323,6367.323,12625.983
224,0.011190804,5300.003,5300.003,5300.003,5300.003,12608.179
225,0.011192276,4891.601,5298.4526,6609.3296,2263.1646,4891.601
226,0.011193729,5404.894,5404.894,5404.894,5404.894,4954.0693
227,0.011195224,6393.45,6393.45,6393.45,6393.45,3818.757
228,0.011196786,7154.0693,4881.011,5690.971,3442.9143,7154.0693
229,0.011198367,6963.364,6963.364,6963.364,6963.364,8196.905
230,0.011199994,5646.955,5646.955,5646.955,5646.955,4516.2104
231,0.011201634,3212.3901,4668.984,4492.4043,4553.07,3212.3901
232,0.011203245,-10.202626,-10.202626,-10.202626,-10.202626,2440.9136
233,0.011204797,-2874.6562,-2874.6562,-2874.6562,-2874.6562,833.92926
234,0.011206312,-4315.899,-2239.8157,-2178.4883,-2408.4536,-4315.899
235,0.011207837,-3703.3364,-3703.3364,-3703.3364,-3703.3364,-3073.4377
236,0.01120943,-1793.1787,-1793.1787,-1793.1787,-1793.1787,-1535.7894
237,0.011211023,6.226177,-3718.3809,2014.2284,-3125.4878,6.226177
238,0.011212622,573.5884,573.5884,573.5884,573.5884,-3471.719
239,0.011214214,17.630096,17.630096,17.630096,17.630096,-6073.7734
240,0.011215832,-1261.7816,746.6329,-2387.2642,-170.82484,-1261.7816
241,0.011217448,-2815.0854,-2815.0854,-2815.0854,-2815.0854,-2851.219
242,0.011219018,-4136.7773,-4136.7773,-4136.7773,-4136.7773,-5055.8286
243,0.011220557,-4821.9067,-3834.3032,-3516.2449,-3115.7603,-4821.9067
244,0.011222121,-4596.998,-4596.998,-4596.998,-4596.998,-2080.8755
245,0.011223696,-3651.5361,-3651.5361,-3651.5361,-3651.5361,-3655.1724
246,0.011225303,-2308.649,-3860.151,-4491.8857,-2324.658,-2308.649
247,0.011226959,-930.7463,-930.7463,-930.7463,-930.7463,5794.984
248,0.011228623,-22.34487,-22.34487,-22.34487,-22.34487,3629.4602
249,0.011230239,-59.937885,358.57715,-2075.1265,-2251.0542,-59.937885
250,0.011231833,-1169.3008,-1169.3008,-1169.3008,-1169.3008,-1665.2346
251,0.011233462,-2512.2217,-2512.2217,-2512.2217,-2512.2217,4706.9136
252,0.011235065,-2896.5784,-2041.9943,-3270.0977,-2508.5076,-2896.5784
253,0.011236694,-1534.6067,-1534.6067,-1534.6067,-1534.6067,-5373.578
254,0.011238348,966.3074,966.3074,966.3074,966.3074,-2055.3362
255,0.011240016,3533.9214,919.56146,-1259.3384,410.18408,3533.9214
256,0.011241686,5167.23,5167.23,5167.23,5167.23,1824.0386
257,0.01124336,5385.2373,5385.2373,5385.2373,5385.2373,374.66367
258,0.011245027,3842.398,4246.3193,3747.2654,2336.1226,3842.398
259,0.011246619,677.8386,677.8386,677.8386,677.8386,4929.64
260,0.011248171,-3010.1301,-3010.1301,-3010.1301,-3010.1301,-1793.9535
261,0.011249723,-6075.914,-3232.4082,-1612.8174,-6058.7983,-6075.914
262,0.011251317,-7678.8906,-7678.8906,-7678.8906,-7678.8906,-895.28937
263,0.011252915,-8263.892,-8263.892,-8263.892,-8263.892,-1583.4144
264,0.01125448,-8727.469,-8608.137,-7783.877,-5824.8374,-8727.469
265,0.011256085,-9740.981,-9740.981,-9740.981,-9740.981,-10541.3125
266,0.011257696,-10935.388,-10935.388,-10935.388,-10935.388,-11764.844
267,0.011259268,-11671.07,-9597.069,-8737.444,-8604.31,-11671.07
268,0.011260862,-11544.118,-11544.118,-11544.118,-11544.118,-12312.344
269,0.011262464,-10751.313,-10751.313,-10751.313,-10751.313,-8049.2036
270,0.011264054,-9686.531,-10068.3955,-7196.112,-6628.1606,-9686.531
271,0.011265632,-8651.179,-8651.179,-8651.179,-8651.179,-8427.93
272,0.011267221,-7603.7017,-7603.7017,-7603.7017,-7603.7017,-2693.5083
273,0.011268756,-6485.8364,-10093.6875,-6675.413,-4775.344,-6485.8364
274,0.011270277,-5194.9087,-5194.9087,-5194.9087,-5194.9087,-9241.656
275,0.011271813,-3693.3,-3693.3,-3693.3,-3693.3,-2549.9849
276,0.011273344,-2002.758,-3447.2507,-6115.5493,-4112.5537,-2002.758
277,0.011274903,-150.19603,-150.19603,-150.19603,-150.19603,-5333.8438
278,0.011276518,1564.9331,1564.9331,1564.9331,1564.9331,401.60117
279,0.011278072,2624.8354,1823.2075,208.00296,1109.6504,2624.8354
280,0.011279619,2840.343,2840.343,2840.343,2840.343,-2174.4924
281,0.011281202,2421.6465,2421.6465,2421.6465,2421.6465,-2352.6409
282,0.011282808,1703.8589,2213.8682,1190.1715,2376.031,1703.8589
283,0.011284398,1052.0219,1052.0219,1052.0219,1052.0219,9501.726
284,0.011285954,733.8377,733.8377,733.8377,733.8377,8658.179
285,0.011287493,965.01514,1127.8497,-1722.7129,1921.4574,965.01514
286,0.01128905,1831.5931,1831.5931,1831.5931,1831.5931,-5033.75
287,0.011290587,2784.3025,2784.3025,2784.3025,2784.3025,-5695.211
288,0.011292136,3160.2651,1508.8759,3401.8035,1962.3134,3160.2651
289,0.011293718,2483.7412,2483.7412,2483.7412,2483.7412,5904.9526
290,0.011295293,1289.6761,1289.6761,1289.6761,1289.6761,1660.07
291,0.011296887,362.34335,1324.6985,1892.379,2028.8429,362.34335
292,0.011298427,336.14133,336.14133,336.14133,336.14133,6202.5776
293,0.011299878,1020.90814,1020.90814,1020.90814,1020.90814,8093.054
294,0.011301314,2161.898,851.6976,-866.7861,-353.00708,2161.898
295,0.011302793,3507.3806,3507.3806,3507.3806,3507.3806,-3427.0706
296,0.011304258,4341.4487,4341.4487,4341.4487,4341.4487,2260.2651
297,0.011305776,3874.1401,3292.6284,4839.878,1697.1141,3874.1401
298,0.011307379,1385.9802,1385.9802,1385.9802,1385.9802,367.6168
299,0.011308997,-2196.7134,-2196.7134,-2196.7134,-2196.7134,-3740.0786
300,0.01131061,-5437.3755,-1729.2227,-1965.414,640.106,-5437.3755
301,0.01131219,-7262.1533,-7262.1533,-7262.1533,-7262.1533,-12405.266
302,0.011313738,-8027.4844,-8027.4844,-8027.4844,-8027.4844,-11211.594
303,0.01131531,-8366.117,-8384.895,-5209.47,-404.5662,-8366.117
304,0.011316941,-8698.052,-8698.052,-8698.052,-8698.052,-5645.766
305,0.011318536,-8710.969,-8710.969,-8710.969,-8710.969,-7649.1797
306,0.011320097,-7975.094,-7673.0254,-8683.09,-8158.2744,-7975.094
307,0.011321656,-6257.164,-6257.164,-6257.164,-6257.164,-5594.6797
308,0.0113232,-4112.235,-4112.235,-4112.235,-4112.235,-3286.8518
309,0.011324744,-2235.883,-4581.428,-2067.815,-3612.153,-2235.883
310,0.011326316,-1143.3392,-1143.3392,-1143.3392,-1143.3392,-3110.3284
311,0.011327908,-668.83057,-668.83057,-668.83057,-668.83057,858.69495
312,0.011329501,-426.43005,-455.5632,1859.0127,-654.93024,-426.43005
313,0.011331095,-114.9471,-114.9471,-114.9471,-114.9471,3748.3823
314,0.011332686,147.6428,147.6428,147.6428,147.6428,-1233.6018
315,0.011334285,139.64023,52.075497,-2854.444,1367.3986,139.64023
316,0.011335923,-220.80867,-220.80867,-220.80867,-220.80867,2684.6401
317,0.011337562,-355.78827,-355.78827,-355.78827,-355.78827,-1319.0629
318,0.011339154,438.28867,-4.547911,209.27559,-1274.6268,438.28867
319,0.011340737,2482.1575,2482.1575,2482.1575,2482.1575,2217.898
320,0.011342265,4708.0034,4708.0034,4708.0034,4708.0034,4792.484
321,0.011343768,5961.3354,3588.0137,4459.7007,825.17065,5961.3354
322,0.011345321,5528.5537,5528.5537,5528.5537,5528.5537,4642.7886
323,0.011346921,4393.9033,4393.9033,4393.9033,4393.9033,5472.859
324,0.011348512,4226.429,4498.37,95.2364,3691.6614,4226.429
325,0.011350106,6129.4673,6129.4673,6129.4673,6129.4673,5223.8667
326,0.01135174,9051.709,9051.709,9051.709,9051.709,5376.929
327,0.011353367,11157.272,7057.9336,2134.7683,5718.7363,11157.272
328,0.011354951,11273.683,11273.683,11273.683,11273.683,9102.983
329,0.011356501,10547.291,10547.291,10547.291,10547.291,6561.406
330,0.011358064,10506.772,9071.523,8419.745,8653.518,10506.772
331,0.011359673,12184.563,12184.563,12184.563,12184.563,11442.866
332,0.011361185,14069.462,14069.462,14069.462,14069.462,15791.648
333,0.011362634,14536.569,10403.929,8120.265,8993.907,14536.569
334,0.011364096,12667.448,12667.448,12667.448,12667.448,9452.944
335,0.01136562,9485.141,9485.141,9485.141,9485.141,7249.195
336,0.011367182,6913.7725,10398.834,4117.1377,8229.283,6913.7725
337,0.011368754,6557.4775,6557.4775,6557.4775,6557.4775,6540.445
338,0.01137035,7760.3276,7760.3276,7760.3276,7760.3276,8676.968
339,0.01137194,9218.227,9459.623,8674.447,7329.7017,9218.227
340,0.011373509,9963.534,9963.534,9963.534,9963.534,5355.9995
341,0.011375048,10406.904,10406.904,10406.904,10406.904,8509.741
342,0.011376592,11265.179,8291.587,8305.208,6078.912,11265.179
343,0.011378112,12912.688,12912.688,12912.688,12912.688,13207.897
344,0.011379666,14658.054,14658.054,14658.054,14658.054,10605.562
345,0.01138129,15385.211,10818.102,11916.814,10267.08,15385.211
346,0.011382949,14086.881,14086.881,14086.881,14086.881,17089.13
347,0.01138459,11350.008,11350.008,11350.008,11350.008,13545.187
348,0.0113862,8165.406,10975.317,10488.076,9910.276,8165.406
349,0.011387759,5345.297,5345.297,5345.297,5345.297,7503.89
350,0.011389335,3063.88,3063.88,3063.88,3063.88,3436.437
351,0.011390948,1527.6401,2258.3003,678.08344,6062.3623,1527.6401
352,0.011392499,924.57434,924.57434,924.57434,924.57434,-433.3363
353,0.011393999,940.736,940.736,940.736,940.736,-2924.172
354,0.011395527,1264.9214,778.7695,1331.318,445.57513,1264.9214
355,0.011397089,1594.8901,1594.8901,1594.8901,1594.8901,-1798.3597
356,0.01139864,1553.6991,1553.6991,1553.6991,1553.6991,-6502.836
357,0.011400098,841.9996,1030.8707,1931.2762,-1625.6367,841.9996
358,0.011401518,-680.4797,-680.4797,-680.4797,-680.4797,5651.6323
359,0.011402987,-2879.273,-2879.273,-2879.273,-2879.273,475.3121
360,0.011404513,-5452.6797,-2727.7615,-6977.201,-1337.5554,-5452.6797
361,0.011406043,-7898.685,-7898.685,-7898.685,-7898.685,-9167.845
362,0.011407561,-9648.375,-9648.375,-9648.375,-9648.375,-9142.727
363,0.011409083,-10153.023,-9367.219,-9231.653,-4926.9478,-10153.023
364,0.011410624,-9046.258,-9046.258,-9046.258,-9046.258,-4730.024
365,0.011412176,-6914.39,-6914.39,-6914.39,-6914.39,-3605.8596
366,0.01141374,-4623.2656,-8984.18,-5815.44,-4177.8105,-4623.2656
367,0.011415297,-2846.2,-2846.2,-2846.2,-2846.2,-3153.4377
368,0.011416824,-1272.3779,-1272.3779,-1272.3779,-1272.3779,-4480.5312
369,0.011418341,667.10114,-878.8202,-3005.949,-2023.5167,667.10114
370,0.011419828,3224.5989,3224.5989,3224.5989,3224.5989,-3867.7031
371,0.011421283,5768.9556,5768.9556,5768.9556,5768.9556,6210.5073
372,0.011422801,7613.6562,4669.8784,4903.063,116.675476,7613.6562
373,0.011424415,7965.548,7965.548,7965.548,7965.548,-340.47696
374,0.011426059,6981.7744,6981.7744,6981.7744,6981.7744,-1837.2113
375,0.011427674,5324.9604,6333.4536,7265.4595,4526.6885,5324.9604
376,0.011429318,3560.393,3560.393,3560.393,3560.393,12124.866
377,0.011430936,2285.8025,2285.8025,2285.8025,2285.8025,9667.038
378,0.011432493,1974.1167,1739.2988,-2430.2092,4891.595,1974.1167
379,0.011434042,2720.1282,2720.1282,2720.1282,2720.1282,3237.5151
380,0.01143556,3492.4126,3492.4126,3492.4126,3492.4126,4995.8667
381,0.011437059,3078.4136,2617.5771,1180.5198,4541.053,3078.4136
382,0.011438629,553.5454,553.5454,553.5454,553.5454,2881.648
383,0.011440197,-3141.6736,-3141.6736,-3141.6736,-3141.6736,-2885.3674
384,0.011441751,-6569.8364,-3250.389,-2827.1929,-825.08136,-6569.8364
385,0.011443323,-8690.642,-8690.642,-8690.642,-8690.642,-3731.2893
386,0.011444921,-9539.939,-9539.939,-9539.939,-9539.939,-3758.5159
387,0.011446523,-9461.664,-9646.375,-7247.425,-6094.826,-9461.664
388,0.011448161,-8813.391,-8813.391,-8813.391,-8813.391,-8449.727
389,0.011449807,-7917.474,-7917.474,-7917.474,-7917.474,-11306.57
390,0.01145141,-7114.8745,-8393.749,-6705.935,-6535.8535,-7114.8745
391,0.011452932,-6515.9326,-6515.9326,-6515.9326,-6515.9326,-7243.453
392,0.011454409,-5509.3223,-5509.3223,-5509.3223,-5509.3223,-3263.172
393,0.011455876,-3379.3752,-6339.916,-1167.5024,-1793.2968,-3379.3752
394,0.011457364,245.81305,245.81305,245.81305,245.81305,-4383.75
395,0.011458885,4108.2324,4108.2324,4108.2324,4108.2324,-143.68788
396,0.011460433,6319.5776,3668.188,3830.6238,-1873.807,6319.5776
397,0.011461992,5562.6836,5562.6836,5562.6836,5562.6836,6739.132
398,0.011463566,3409.658,3409.658,3409.658,3409.658,7517.8975
399,0.011465162,2258.359,4975.352,2540.5813,-964.4786,2258.359
400,0.011466734,3808.7935,3808.7935,3808.7935,3808.7935,2414.9058
401,0.01146829,6614.2905,6614.2905,6614.2905,6614.2905,410.16367
402,0.011469889,8621.546,4974.5044,3256.3464,5032.107,8621.546
403,0.011471507,8094.4717,8094.4717,8094.4717,8094.4717,6006.945
404,0.011473094,5864.114,5864.114,5864.114,5864.114,5089.3823
405,0.011474612,3407.312,4813.091,4655.364,5070.121,3407.312
406,0.01147613,1605.7885,1605.7885,1605.7885,1605.7885,-361.81287
407,0.011477689,434.61087,434.61087,434.61087,434.61087,5810.8584
408,0.011479286,-320.35193,432.56665,-618.5033,2518.7756,-320.35193
409,0.011480928,-917.49896,-917.49896,-917.49896,-917.49896,-3707.8286
410,0.011482559,-1623.5529,-1623.5529,-1623.5529,-1623.5529,-1765.9299
411,0.011484146,-2697.2815,-1225.4309,-503.19806,2311.8164,-2697.2815
412,0.011485741,-4288.0854,-4288.0854,-4288.0854,-4288.0854,-1342.4847
413,0.011487339,-5933.0913,-5933.0913,-5933.0913,-5933.0913,-6036.86
414,0.011488914,-7009.1567,-5569.9717,-2437.0132,-2069.3628,-7009.1567
415,0.011490502,-7101.8086,-7101.8086,-7101.8086,-7101.8086,-8118.2344
416,0.01149206,-6384.855,-6384.855,-6384.855,-6384.855,-8691.609
417,0.011493557,-5224.485,-6395.26,-7733.8647,-5199.515,-5224.485
418,0.01149503,-3826.5154,-3826.5154,-3826.5154,-3826.5154,-552.23474
419,0.011496512,-2075.5627,-2075.5627,-2075.5627,-2075.5627,-336.93787
420,0.011498038,255.96053,-2091.4675,-6086.5605,-4268.1323,255.96053
421,0.011499609,3105.3909,3105.3909,3105.3909,3105.3909,4630.0933
422,0.011501198,5151.921,5151.921,5151.921,5151.921,4607.015
423,0.011502811,4710.359,4250.731,6606.5396,349.25095,4710.359
424,0.011504461,716.3442,716.3442,716.3442,716.3442,4565.781
425,0.011506112,-4462.6797,-4462.6797,-4462.6797,-4462.6797,-1407.3676
426,0.011507706,-7543.0625,-4785.6777,-369.99316,-3333.3362,-7543.0625
427,0.011509286,-6718.3154,-6718.3154,-6718.3154,-6718.3154,-7074.226
428,0.011510842,-3688.958,-3688.958,-3688.958,-3688.958,-5652.9536
429,0.011512356,-912.766,-8024.031,-5162.965,-2832.718,-912.766
430,0.011513862,52.315884,52.315884,52.315884,52.315884,1063.5153
431,0.011515389,-95.81918,-95.81918,-95.81918,-95.81918,1436.3354
432,0.01151697,-56.578506,29.857588,-3555.7876,-448.80237,-56.578506
433,0.011518484,1157.1067,1157.1067,1157.1067,1157.1067,2557.9136
434,0.011520014,3162.906,3162.906,3162.906,3162.906,8896.007
435,0.011521597,5267.687,2521.2224,-5274.2534,-667.12427,5267.687
436,0.011523175,6727.637,6727.637,6727.637,6727.637,7437.187
437,0.011524701,7453.434,7453.434,7453.434,7453.434,8413.538
438,0.011526246,7561.952,5844.221,2912.1855,4157.8086,7561.952
439,0.011527812,7207.6,7207.6,7207.6,7207.6,9482.172
440,0.01152938,7030.4956,7030.4956,7030.4956,7030.4956,10655.413
441,0.011530947,7794.8354,5136.0996,4021.7734,2844.8755,7794.8354
442,0.011532533,9808.251,9808.251,9808.251,9808.251,4935.859
443,0.011534131,11369.2705,11369.2705,11369.2705,11369.2705,6260.812
444,0.011535721,10229.397,8981.649,5291.43,7704.974,10229.397
445,0.011537325,5031.9175,5031.9175,5031.9175,5031.9175,2346.5151
446,0.01153898,-2046.8851,-2046.8851,-2046.8851,-2046.8851,-3341.258
447,0.011540609,-7205.922,-1467.808,-4747.848,1404.9384,-7205.922
448,0.011542217,-8072.683,-8072.683,-8072.683,-8072.683,-5181.11
449,0.011543811,-6168.01,-6168.01,-6168.01,-6168.01,-5615.938
450,0.011545412,-3814.9067,-9330.764,-3195.9321,-334.9712,-3814.9067
451,0.011547017,-2839.4587,-2839.4587,-2839.4587,-2839.4587,-7549.1016
452,0.011548596,-3011.927,-3011.927,-3011.927,-3011.927,-7396.3125
453,0.011550168,-3592.6099,-2720.7322,-5696.475,-3382.9307,-3592.6099
454,0.011551741,-3927.0369,-3927.0369,-3927.0369,-3927.0369,-3552.1877
455,0.011553274,-3565.2935,-3565.2935,-3565.2935,-3565.2935,-1154.2972
456,0.011554793,-2146.1487,-3098.8652,-4320.006,-7364.6934,-2146.1487
457,0.011556352,479.28635,479.28635,479.28635,479.28635,-7926.9062
458,0.011557956,3098.244,3098.244,3098.244,3098.244,-68.67226
459,0.011559611,3905.7258,2669.8052,4324.389,4038.0762,3905.7258
460,0.011561299,1618.9404,1618.9404,1618.9404,1618.9404,-5286.5864
461,0.011562981,-1733.2096,-1733.2096,-1733.2096,-1733.2096,-5242.4688
462,0.011564535,-3316.93,-1692.4652,-949.45807,-1763.453,-3316.93
463,0.01156604,-1961.7661,-1961.7661,-1961.7661,-1961.7661,-1576.391
464,0.011567589,1022.0862,1022.0862,1022.0862,1022.0862,320.8121
465,0.01156917,3506.109,2849.4817,-230.5965,-1094.7416,3506.109
466,0.011570795,3670.9827,3670.9827,3670.9827,3670.9827,11896.241
467,0.011572446,1919.1321,1919.1321,1919.1321,1919.1321,5102.812
468,0.011574125,-629.29724,2738.6555,1000.3477,-1804.5574,-629.29724
469,0.011575788,-2872.0684,-2872.0684,-2872.0684,-2872.0684,3200.0542
470,0.011577458,-4502.509,-4502.509,-4502.509,-4502.509,240.29646
471,0.011579128,-5349.0864,-4678.264,-2224.3796,-4044.5415,-5349.0864
472,0.011580813,-5269.9795,-5269.9795,-5269.9795,-5269.9795,-3447.2112
473,0.011582508,-4203.39,-4203.39,-4203.39,-4203.39,-633.31287
474,0.011584196,-2140.9302,-4884.8433,-7706.329,-4927.042,-2140.9302
475,0.011585861,750.89246,750.89246,750.89246,750.89246,3097.5073
476,0.011587459,3709.6565,3709.6565,3709.6565,3709.6565,3398.0776
477,0.011589048,6117.312,3216.2397,967.14624,1184.6184,6117.312
478,0.01159064,7421.5327,7421.5327,7421.5327,7421.5327,8370.999
479,0.011592241,7553.749,7553.749,7553.749,7553.749,8739.625
480,0.011593876,6539.2026,6063.93,7060.9,4087.524,6539.2026
481,0.011595544,4516.235,4516.235,4516.235,4516.235,4534.0073
482,0.011597207,2247.081,2247.081,2247.081,2247.081,2847.8745
483,0.011598781,658.1558,1711.9698,1941.2991,-370.8215,658.1558
484,0.011600263,199.04094,199.04094,199.04094,199.04094,1840.7574
485,0.011601754,697.5152,697.5152,697.5152,697.5152,3953.523
486,0.011603315,2032.1558,263.0413,-2411.2156,3605.1265,2032.1558
487,0.011604926,3995.8916,3995.8916,3995.8916,3995.8916,5761.476
488,0.011606552,6105.2314,6105.2314,6105.2314,6105.2314,5380.4917
489,0.011608196,7829.1475,4632.8125,3704.9968,3128.7974,7829.1475
490,0.0116099,8616.248,8616.248,8616.248,8616.248,6068.2886
491,0.011611551,7918.2764,7918.2764,7918.2764,7918.2764,5240.8276
492,0.011613105,5528.781,6961.1094,7967.705,7773.9204,5528.781
493,0.01161465,1486.9738,1486.9738,1486.9738,1486.9738,-1204.1566
494,0.011616226,-2718.9553,-2718.9553,-2718.9553,-2718.9553,-3368.8752
495,0.011617848,-4959.7817,-2020.2081,113.61008,396.70374,-4959.7817
496,0.011619459,-3657.3655,-3657.3655,-3657.3655,-3657.3655,-1769.516
497,0.011621052,-569.5379,-569.5379,-569.5379,-569.5379,195.32774
498,0.011622628,1886.4059,815.3853,-222.44862,-657.7175,1886.4059
499,0.011624188,2010.7098,2010.7098,2010.7098,2010.7098,-465.76602
500,0.011625766,395.61636,395.61636,395.61636,395.61636,256.3746
501,0.011627356,-1798.719,1752.1107,158.15816,5221.4604,-1798.719
502,0.011628975,-3514.8337,-3514.8337,-3514.8337,-3514.8337,1448.2965
503,0.011630655,-4198.86,-4198.86,-4198.86,-4198.86,126.62461
504,0.011632316,-3385.649,-4104.7676,-863.10175,-1401.6311,-3385.649
505,0.011633943,-1100.287,-1100.287,-1100.287,-1100.287,-2438.1877
506,0.011635602,1441.0647,1441.0647,1441.0647,1441.0647,5121.3433
507,0.011637269,2527.8901,1514.4812,804.6096,664.5303,2527.8901
508,0.011638802,1354.3715,1354.3715,1354.3715,1354.3715,4722.937
509,0.011640292,-283.37943,-283.37943,-283.37943,-283.37943,5460.484
510,0.011641794,-377.66443,1034.62,-2297.98,-109.996376,-377.66443
511,0.011643356,2517.6306,2517.6306,2517.6306,2517.6306,5043.4526
512,0.011644966,6543.778,6543.778,6543.778,6543.778,10781.687
513,0.011646573,8506.655,5012.532,3307.185,10007.047,8506.655
514,0.011648149,6345.8247,6345.8247,6345.8247,6345.8247,997.89026
515,0.01164973,1836.6859,1836.6859,1836.6859,1836.6859,-44.289448
516,0.011651314,-2341.774,-126.7569,-1832.9481,-706.31995,-2341.774
517,0.011652924,-4110.1646,-4110.1646,-4110.1646,-4110.1646,-1128.43
518,0.011654513,-3814.6147,-3814.6147,-3814.6147,-3814.6147,-5091.0547
519,0.011656054,-2560.633,-4519.659,-6553.1797,-2855.1978,-2560.633
520,0.011657608,-1209.4377,-1209.4377,-1209.4377,-1209.4377,-3652.5393
521,0.011659184,-331.76276,-331.76276,-331.76276,-331.76276,-1835.2346
522,0.011660734,-448.29727,-68.13346,3623.7852,2366.5105,-448.29727
523,0.011662289,-1751.2772,-1751.2772,-1751.2772,-1751.2772,-4769.094
524,0.011663864,-3329.8948,-3329.8948,-3329.8948,-3329.8948,-2608.4143
525,0.011665433,-3915.0627,-2871.5579,-3906.6868,1033.9918,-3915.0627
526,0.011667017,-2654.4753,-2654.4753,-2654.4753,-2654.4753,-3635.5
527,0.011668628,-303.00085,-303.00085,-303.00085,-303.00085,3289.437
528,0.011670214,1818.3823,85.799545,-822.533,-4311.2153,1818.3823
529,0.011671809,2876.7615,2876.7615,2876.7615,2876.7615,3511.976
530,0.01167343,3463.778,3463.778,3463.778,3463.778,5653.304
531,0.011675087,4602.8276,2913.6394,2242.8826,2007.8605,4602.8276
532,0.011676781,7030.184,7030.184,7030.184,7030.184,4295.1714
533,0.011678487,9812.876,9812.876,9812.876,9812.876,8264.148
534,0.011680185,11552.288,8012.678,6374.935,6712.019,11552.288
535,0.011681883,11323.793,11323.793,11323.793,11323.793,17299.068
536,0.011683579,9891.144,9891.144,9891.144,9891.144,11814.172
537,0.011685263,8445.413,9243.254,8736.815,7812.635,8445.413
538,0.011686943,7889.3823,7889.3823,7889.3823,7889.3823,10372.124
539,0.011688608,8133.585,8133.585,8133.585,8133.585,12147.702
540,0.011690278,8852.944,8448.704,3072.2012,6414.6772,8852.944
541,0.011691915,9625.107,9625.107,9625.107,9625.107,9188.602
542,0.011693473,9755.852,9755.852,9755.852,9755.852,10298.695
543,0.011695023,8596.086,7670.956,6973.114,6856.766,8596.086
544,0.011696587,5792.018,5792.018,5792.018,5792.018,3661.5696
545,0.011698189,2426.3435,2426.3435,2426.3435,2426.3435,921.8199
546,0.011699757,211.26523,1837.6687,-392.724,2730.6458,211.26523
547,0.011701309,62.476845,62.476845,62.476845,62.476845,444.8199
548,0.011702874,813.3246,813.3246,813.3246,813.3246,4342.7104
549,0.011704447,758.55426,163.1126,105.22921,1077.3193,758.55426
550,0.011706015,-1236.2493,-1236.2493,-1236.2493,-1236.2493,-4103.5625
551,0.011707613,-3982.623,-3982.623,-3982.623,-3982.623,-9114.727
552,0.011709189,-5526.5317,-3707.7344,-2467.4814,-2837.091,-5526.5317
553,0.011710755,-4565.1216,-4565.1216,-4565.1216,-4565.1216,-1471.4691
554,0.011712326,-1730.0508,-1730.0508,-1730.0508,-1730.0508,-583.43005
555,0.011713902,1864.7106,-213.32169,24.521748,-135.29158,1864.7106
556,0.011715459,5092.6807,5092.6807,5092.6807,5092.6807,2159.5073
557,0.011716991,7125.5947,7125.5947,7125.5947,7125.5947,3419.6558
558,0.011718558,7232.5615,5952.7715,3996.6497,8326.941,7232.5615
559,0.011720189,4763.7446,4763.7446,4763.7446,4763.7446,6141.3667
560,0.011721867,678.2839,678.2839,678.2839,678.2839,416.70273
561,0.011723476,-3169.8127,607.08057,-1960.1829,2615.9048,-3169.8127
562,0.011725057,-5723.523,-5723.523,-5723.523,-5723.523,-4362.8203
563,0.011726676,-7140.532,-7140.532,-7140.532,-7140.532,-5290.3906
564,0.011728331,-7732.274,-7731.1196,-7428.634,-2347.8582,-7732.274
565,0.011729961,-7744.976,-7744.976,-7744.976,-7744.976,-6607.5
566,0.011731564,-7010.0557,-7010.0557,-7010.0557,-7010.0557,-8551.844
567,0.011733178,-5208.9844,-6972.8594,-5134.4766,-1718.5284,-5208.9844
568,0.011734792,-2221.603,-2221.603,-2221.603,-2221.603,-5422.633
569,0.011736347,1182.2037,1182.2037,1182.2037,1182.2037,665.70276
570,0.011737866,4283.7886,1669.2634,3178.3794,3851.6123,4283.7886
571,0.011739401,6587.8687,6587.8687,6587.8687,6587.8687,9581.202
572,0.011741001,7906.37,7906.37,7906.37,7906.37,6687.2573
573,0.011742623,8025.546,6727.088,6487.132,5711.4385,8025.546
574,0.011744272,6971.3867,6971.3867,6971.3867,6971.3867,6690.406
575,0.011745952,5485.9614,5485.9614,5485.9614,5485.9614,5216.406
576,0.011747628,4589.648,4889.801,2645.5564,6446.217,4589.648
577,0.011749295,4894.763,4894.763,4894.763,4894.763,6821.812
578,0.011750877,5476.719,5476.719,5476.719,5476.719,8921.843
579,0.011752426,5253.3433,4977.309,3003.275,1717.0107,5253.3433
580,0.011753955,3573.2195,3573.2195,3573.2195,3573.2195,5049.8276
581,0.011755523,976.12836,976.12836,976.12836,976.12836,713.56995
582,0.011757174,-1631.9924,808.87384,1339.0765,75.717255,-1631.9924
583,0.011758815,-3273.9504,-3273.9504,-3273.9504,-3273.9504,-1691.2347
584,0.011760465,-4359.994,-4359.994,-4359.994,-4359.994,622.1949
585,0.011762099,-5567.3677,-4705.4556,-5204.64,-6036.7153,-5567.3677
586,0.011763728,-7165.6416,-7165.6416,-7165.6416,-7165.6416,-8497.25
587,0.011765369,-7741.415,-7741.415,-7741.415,-7741.415,-7930.7505
588,0.011767,-5439.2344,-7186.539,-5262.5015,-9527.576,-5439.2344
589,0.011768581,354.72287,354.72287,354.72287,354.72287,-3321.8206
590,0.011770101,6558.6846,6558.6846,6558.6846,6558.6846,1672.4995
591,0.011771606,9953.249,5668.9097,4210.3076,1389.8165,9953.249
592,0.01177313,8342.887,8342.887,8342.887,8342.887,5507.32
593,0.011774689,3661.21,3661.21,3661.21,3661.21,1238.6011
594,0.011776295,-758.36755,5515.465,855.7829,-781.7445,-758.36755
595,0.011777896,-1961.6335,-1961.6335,-1961.6335,-1961.6335,1240.7028
596,0.011779489,-809.1254,-809.1254,-809.1254,-809.1254,3327.5151
597,0.011781103,981.3433,-1373.0829,-3009.67,-3260.1567,981.3433
598,0.011782739,1954.8433,1954.8433,1954.8433,1954.8433,2486.898
599,0.011784387,1957.7186,1957.7186,1957.7186,1957.7186,1073.5934
600,0.01178601,1220.8824,1549.4731,3003.0083,40.617233,1220.8824
601,0.011787606,-28.348915,-28.348915,-28.348915,-28.348915,-3187.055
602,0.011789178,-1661.2384,-1661.2384,-1661.2384,-1661.2384,-4774.149
603,0.011790743,-3599.258,-1242.408,-1259.3257,2954.1274,-3599.258
604,0.011792326,-5709.1597,-5709.1597,-5709.1597,-5709.1597,-7839.547
605,0.011793929,-7490.7803,-7490.7803,-7490.7803,-7490.7803,-8515.203
606,0.01179547,-8309.398,-7400.297,-5427.979,-5815.933,-8309.398
607,0.011796987,-7880.0825,-7880.0825,-7880.0825,-7880.0825,-9386.891
608,0.011798502,-6452.072,-6452.072,-6452.072,-6452.072,-4384.117
609,0.011800001,-4420.93,-7464.3604,-7671.0845,-4970.4067,-4420.93
610,0.011801482,-2118.9526,-2118.9526,-2118.9526,-2118.9526,-623.11755
611,0.011803004,421.61935,421.61935,421.61935,421.61935,-2429.0083
612,0.011804595,3174.562,1142.0874,-5747.3354,189.21227,3174.562
613,0.011806188,5805.763,5805.763,5805.763,5805.763,13072.749
614,0.011807742,7547.681,7547.681,7547.681,7547.681,11495.961
615,0.011809275,7677.2183,6256.5576,3468.09,2426.1375,7677.2183
616,0.011810808,5753.6333,5753.6333,5753.6333,5753.6333,6489.7026
617,0.01181236,2461.5415,2461.5415,2461.5415,2461.5415,2430.2495
618,0.011813967,-1239.1254,1894.92,3469.22,1037.3578,-1239.1254
619,0.011815543,-4119.932,-4119.932,-4119.932,-4119.932,1584.2339
620,0.011817075,-5586.271,-5586.271,-5586.271,-5586.271,2987.9448
621,0.011818603,-5225.969,-6272.2886,-6944.999,-4555.4805,-5225.969
622,0.011820161,-2907.044,-2907.044,-2907.044,-2907.044,-8526.164
623,0.011821754,-275.9107,-275.9107,-275.9107,-275.9107,-5871.703
624,0.011823291,373.2496,247.37553,1695.7302,-826.9353,373.2496
625,0.011824793,-2068.6694,-2068.6694,-2068.6694,-2068.6694,-2281.8833
626,0.011826301,-5893.239,-5893.239,-5893.239,-5893.239,-7268.9844
627,0.01182785,-8704.398,-5636.551,1840.3868,-3009.1602,-8704.398
628,0.011829434,-8497.842,-8497.842,-8497.842,-8497.842,-5741.8125
629,0.011831015,-6425.1167,-6425.1167,-6425.1167,-6425.1167,-2344.9534
630,0.011832582,-4530.821,-8412.492,-4227.6987,-4021.081,-4530.821
631,0.011834124,-4231.3564,-4231.3564,-4231.3564,-4231.3564,-9527.875
632,0.011835648,-4780.3423,-4780.3423,-4780.3423,-4780.3423,-8181.6875
633,0.011837191,-4981.914,-4653.093,-4152.525,-5362.2856,-4981.914
634,0.011838776,-3869.832,-3869.832,-3869.832,-3869.832,-3250.1409
635,0.01184039,-1716.5613,-1716.5613,-1716.5613,-1716.5613,-1461.5785
636,0.011841996,758.2574,-1635.9098,-2055.6343,-2401.4385,758.2574
637,0.011843584,2872.9043,2872.9043,2872.9043,2872.9043,1854.9917
638,0.011845173,4083.1423,4083.1423,4083.1423,4083.1423,2450.7026
639,0.011846731,3856.078,3452.4746,3771.2952,1682.8595,3856.078
640,0.011848257,2054.2712,2054.2712,2054.2712,2054.2712,4351.031
641,0.01184978,-379.9043,-379.9043,-379.9043,-379.9043,2042.9059
642,0.011851341,-2274.7114,-179.37457,-1868.8232,2144.5815,-2274.7114
643,0.01185295,-2621.3953,-2621.3953,-2621.3953,-2621.3953,-964.0316
644,0.011854549,-1872.2174,-1872.2174,-1872.2174,-1872.2174,1809.4995
645,0.011856108,-944.805,-2116.0608,-2533.1553,188.06607,-944.805
646,0.011857632,-569.1944,-569.1944,-569.1944,-569.1944,1025.4761
647,0.011859115,-1065.1315,-1065.1315,-1065.1315,-1065.1315,-638.641
648,0.011860586,-2661.844,-422.1939,-3087.1658,-2047.3988,-2661.844
649,0.011862034,-5264.0454,-5264.0454,-5264.0454,-5264.0454,905.0231
650,0.011863472,-7634.1626,-7634.1626,-7634.1626,-7634.1626,-1409.0316
651,0.011864943,-8262.609,-7242.612,-10040.227,-4305.579,-8262.609
652,0.011866476,-5882.0728,-5882.0728,-5882.0728,-5882.0728,-6580.461
653,0.011868036,-1639.9504,-1639.9504,-1639.9504,-1639.9504,2200.4136
654,0.011869594,2413.2026,-1186.5347,-2957.992,-864.98114,2413.2026
655,0.011871118,4670.6577,4670.6577,4670.6577,4670.6577,90.702736
656,0.011872607,5407.366,5407.366,5407.366,5407.366,1197.523
657,0.01187411,5249.3354,4753.322,5252.492,3645.8018,5249.3354
658,0.011875657,4630.2266,4630.2266,4630.2266,4630.2266,3077.1948
659,0.01187723,3585.8235,3585.8235,3585.8235,3585.8235,1520.2339
660,0.011878824,2047.9292,2780.2126,4730.5767,397.75064,2047.9292
661,0.011880405,143.9604,143.9604,143.9604,143.9604,1091.898
662,0.011881912,-1379.585,-1379.585,-1379.585,-1379.585,-698.62537
663,0.011883369,-1875.3599,-952.1367,-1230.9402,-2508.6462,-1875.3599
664,0.011884828,-944.8885,-944.8885,-944.8885,-944.8885,-2964.8909
665,0.011886328,1081.0516,1081.0516,1081.0516,1081.0516,-1233.6488
666,0.0118878,3488.7495,1303.1754,-1420.3755,1931.5397,3488.7495
667,0.011889268,5821.679,5821.679,5821.679,5821.679,3845.312
668,0.011890735,8188.1045,8188.1045,8188.1045,8188.1045,7039.538
669,0.011892242,10916.366,6702.1465,1419.6332,5938.8213,10916.366
670,0.011893796,14107.701,14107.701,14107.701,14107.701,7999.0854
671,0.011895392,16939.08,16939.08,16939.08,16939.08,11212.155
672,0.011896942,18214.42,11697.442,8432.523,7257.0723,18214.42
673,0.011898485,17288.61,17288.61,17288.61,17288.61,16640.795
674,0.011900049,14445.066,14445.066,14445.066,14445.066,13598.874
675,0.011901598,10335.741,12075.778,13440.797,7693.2505,10335.741
676,0.011903181,5445.8525,5445.8525,5445.8525,5445.8525,7694.0464
677,0.011904825,407.9821,407.9821,407.9821,407.9821,211.17929
678,0.011906439,-3694.922,409.17416,-6494.2646,583.1419,-3694.922
679,0.011907996,-6282.282,-6282.282,-6282.282,-6282.282,-385.90662
680,0.011909528,-7643.2666,-7643.2666,-7643.2666,-7643.2666,-6389.242
681,0.011911084,-8128.2266,-8585.689,-6164.234,-5541.328,-8128.2266
682,0.01191269,-8102.694,-8102.694,-8102.694,-8102.694,-12463.219
683,0.011914219,-8325.146,-8325.146,-8325.146,-8325.146,-14362.086
684,0.011915707,-9537.219,-7483.384,-6037.3804,-10056.267,-9537.219
685,0.011917199,-12226.472,-12226.472,-12226.472,-12226.472,-11324.711
686,0.011918722,-15952.977,-15952.977,-15952.977,-15952.977,-15293.788
687,0.011920219,-19794.625,-12841.306,-14200.346,-11076.865,-19794.625
688,0.011921708,-23052.625,-23052.625,-23052.625,-23052.625,-20235.281
689,0.011923237,-25193.59,-25193.59,-25193.59,-25193.59,-21824.062
690,0.011924808,-25496.297,-16838.338,-13952.176,-12858.736,-25496.297
691,0.011926438,-23456.766,-23456.766,-23456.766,-23456.766,-26672.078
692,0.011928059,-20163.152,-20163.152,-20163.152,-20163.152,-20039.938
693,0.011929681,-17076.07,-17170.139,-16557.447,-12724.725,-17076.07
694,0.011931308,-15272.528,-15272.528,-15272.528,-15272.528,-13015.922
695,0.011932832,-14330.549,-14330.549,-14330.549,-14330.549,-15878.43
696,0.011934307,-13407.883,-17053.598,-8569.195,-9445.754,-13407.883
697,0.011935777,-11874.943,-11874.943,-11874.943,-11874.943,-14521.491
698,0.011937273,-9315.809,-9315.809,-9315.809,-9315.809,-8397.648
699,0.011938793,-5359.9844,-13428.112,-8745.466,-5297.073,-5359.9844
700,0.011940348,94.46692,94.46692,94.46692,94.46692,-3182.1565
701,0.01194192,5631.4136,5631.4136,5631.4136,5631.4136,1678.8511
702,0.011943515,9426.647,5503.3096,3576.2954,3978.5273,9426.647
703,0.011945109,9891.973,9891.973,9891.973,9891.973,6777.976
704,0.01194668,7111.948,7111.948,7111.948,7111.948,6784.062
705,0.011948277,1385.82,8452.448,5978.7085,4779.608,1385.82
706,0.011949913,-6825.4756,-6825.4756,-6825.4756,-6825.4756,-5232.4453
707,0.011951486,-15312,-15312,-15312,-15312,-10972.039
708,0.01195298,-22228.46,-13954.425,-9282.513,-3815.559,-22228.46
709,0.011954441,-26615.746,-26615.746,-26615.746,-26615.746,-27373.764
710,0.011955916,-28318.258,-28318.258,-28318.258,-28318.258,-28601.648
711,0.011957447,-27073.977,-18299.627,-18677.318,-19149.928,-27073.977
712,0.011958987,-22931.666,-22931.666,-22931.666,-22931.666,-22752.031
713,0.011960549,-17301.38,-17301.38,-17301.38,-17301.38,-21122.477
714,0.011962081,-12201.07,-18018.004,-11340.078,-16682.338,-12201.07
715,0.011963623,-8754.146,-8754.146,-8754.146,-8754.146,-8315.6875
716,0.011965208,-5962.045,-5962.045,-5962.045,-5962.045,-4353.258
717,0.011966828,-2202.0552,-4321.653,-449.86078,-6490.546,-2202.0552
718,0.011968456,3439.8354,3439.8354,3439.8354,3439.8354,-3298.2036
719,0.011970079,8640.187,8640.187,8640.187,8640.187,4627.195
720,0.0119717,10332.4375,8345.662,7294.7915,3517.3186,10332.4375
721,0.011973287,6776.0957,6776.0957,6776.0957,6776.0957,8194.882
722,0.01197477,1220.7225,1220.7225,1220.7225,1220.7225,1445.2104
723,0.011976204,-3125.9924,-854.6358,438.13617,4450.4214,-3125.9924
724,0.0119777,-4189.516,-4189.516,-4189.516,-4189.516,327.44492
725,0.011979228,-2199.1326,-2199.1326,-2199.1326,-2199.1326,1969.5776
726,0.011980719,1438.2339,-3243.31,-4425.78,5012.4727,1438.2339
727,0.011982216,5523.0117,5523.0117,5523.0117,5523.0117,2408.9604
728,0.011983716,8970.917,8970.917,8970.917,8970.917,4191.976
729,0.011985226,10735.968,7615.2754,9154.991,5831.7656,10735.968
730,0.011986753,10166.086,10166.086,10166.086,10166.086,6949.195
731,0.011988287,8462.837,8462.837,8462.837,8462.837,8241.101
732,0.011989861,7350.8433,8711.786,7865.0015,5738.679,7350.8433
733,0.011991459,8104.2983,8104.2983,8104.2983,8104.2983,7661.468
734,0.011993058,9287.038,9287.038,9287.038,9287.038,5638.1245
735,0.011994591,8831.78,8568.64,8446.024,9129.016,8831.78
736,0.011996089,5708.3657,5708.3657,5708.3657,5708.3657,-120.49257
737,0.011997593,1486.8606,1486.8606,1486.8606,1486.8606,1447.3589
738,0.011999154,-1620.6644,1169.9282,4146.9043,4162.413,-1620.6644
739,0.0120007,-1685.8055,-1685.8055,-1685.8055,-1685.8055,-4758.235
740,0.012002193,12.813164,12.813164,12.813164,12.813164,95.327736
741,0.012003684,1714.4839,-1116.4839,-978.41406,-1187.602,1714.4839
742,0.01200521,2096.075,2096.075,2096.075,2096.075,461.8043
743,0.01200675,1321.5498,1321.5498,1321.5498,1321.5498,273.9293
744,0.012008301,17.444927,1571.5629,-329.39694,509.7182,17.444927
745,0.012009891,-1211.3053,-1211.3053,-1211.3053,-1211.3053,-1493.3832
746,0.012011518,-1806.3225,-1806.3225,-1806.3225,-1806.3225,-4078.1877
747,0.012013112,-1231.7426,-1368.1273,-1193.5303,-2027.9221,-1231.7426
748,0.012014693,577.3328,577.3328,577.3328,577.3328,1858.0309
749,0.012016288,2174.9492,2174.9492,2174.9492,2174.9492,210.19492
750,0.012017842,1714.5854,1715.085,-3278.2156,-6.6508737,1714.5854
751,0.012019357,-1558.8105,-1558.8105,-1558.8105,-1558.8105,1696.6558
752,0.012020857,-5336.979,-5336.979,-5336.979,-5336.979,-2721.1643
753,0.012022348,-6700.961,-5333.1895,-6096.8784,-4646.998,-6700.961
754,0.012023861,-3728.505,-3728.505,-3728.505,-3728.505,-191.79726
755,0.012025394,1429.6866,1429.6866,1429.6866,1429.6866,5964.6714
756,0.012026944,5333.8745,1957.0035,2903.9397,-568.02655,5333.8745
757,0.012028462,5404.4297,5404.4297,5404.4297,5404.4297,679.648
758,0.012029991,3112.2607,3112.2607,3112.2607,3112.2607,-983.43787
759,0.012031564,783.1871,4569.8667,5480.3213,-2047.6998,783.1871
760,0.012033144,480.6445,480.6445,480.6445,480.6445,9305.858
761,0.012034691,1884.8344,1884.8344,1884.8344,1884.8344,8989.711
762,0.012036277,4206.515,696.5069,-2915.9883,1028.4663,4206.515
763,0.012037851,6624.08,6624.08,6624.08,6624.08,7925.1475
764,0.012039374,8701.058,8701.058,8701.058,8701.058,9814.976
765,0.012040877,10234.015,7086.357,3767.4937,8930.723,10234.015
766,0.012042418,11098.867,11098.867,11098.867,11098.867,13099.038
767,0.012043973,11455.461,11455.461,11455.461,11455.461,12272.944
768,0.012045523,11601.327,9189.503,2906.5598,9668.173,11601.327
769,0.012047116,11714.215,11714.215,11714.215,11714.215,9189.882
770,0.012048744,11399.303,11399.303,11399.303,11399.303,10611.358
771,0.012050369,10106.905,9288.094,8320.563,9087.875,10106.905
772,0.012051966,7576.9443,7576.9443,7576.9443,7576.9443,8854.187
773,0.012053538,4440.9644,4440.9644,4440.9644,4440.9644,4773.023
774,0.012055102,1460.109,3211.155,3062.5754,1682.7517,1460.109
775,0.012056627,-724.72577,-724.72577,-724.72577,-724.72577,-1018.29724
776,0.012058112,-2175.3828,-2175.3828,-2175.3828,-2175.3828,-3415.305
777,0.012059585,-3100.1643,-1567.2246,-4449.5283,-2084.4749,-3100.1643
778,0.012061062,-3626.8083,-3626.8083,-3626.8083,-3626.8083,-4265.883
779,0.01206258,-3740.416,-3740.416,-3740.416,-3740.416,-4176.3833
780,0.012064181,-3343.8127,-3557.8906,-2739.3418,-5147.6187,-3343.8127
781,0.012065819,-2498.4817,-2498.4817,-2498.4817,-2498.4817,-7854.43
782,0.012067391,-1960.4406,-1960.4406,-1960.4406,-1960.4406,-4056.0317
783,0.012068935,-2481.172,-1659.7549,-1856.0085,-1128.0059,-2481.172
784,0.012070511,-4504.1284,-4504.1284,-4504.1284,-4504.1284,-3020.7112
785,0.012072095,-6971.0337,-6971.0337,-6971.0337,-6971.0337,-8880.984
786,0.012073678,-8404.0625,-6379.358,-7878.537,-6526.514,-8404.0625
787,0.012075207,-7822.114,-7822.114,-7822.114,-7822.114,-3880.18
788,0.012076708,-5976.412,-5976.412,-5976.412,-5976.412,-2412.2815
789,0.012078214,-3840.9612,-7695.657,-4217.295,-5690.974,-3840.9612
790,0.012079773,-2047.8798,-2047.8798,-2047.8798,-2047.8798,4081.9915
791,0.01208141,1.9756037,1.9756037,1.9756037,1.9756037,4034.2026
792,0.012082969,3038.9683,825.21173,2034.4648,-902.6863,3038.9683
793,0.012084493,7324.45,7324.45,7324.45,7324.45,5677.8354
794,0.012085978,10816.945,10816.945,10816.945,10816.945,9534
795,0.012087469,11193.952,8981.832,10155.781,5518.096,11193.952
796,0.012088994,6824.4624,6824.4624,6824.4624,6824.4624,7971.6475
797,0.012090556,33.332855,33.332855,33.332855,33.332855,-306.36755
798,0.012092086,-5227.758,134.70506,1991.6405,1725.5464,-5227.758
799,0.012093594,-6369.2817,-6369.2817,-6369.2817,-6369.2817,-41.35976
800,0.012095085,-4257.0156,-4257.0156,-4257.0156,-4257.0156,318.34335
801,0.012096602,-374.8363,-7389.849,-2853.2534,-2944.2024,-374.8363
802,0.012098186,3978.8394,3978.8394,3978.8394,3978.8394,-2888.7502
803,0.012099786,7657.805,7657.805,7657.805,7657.805,6786.132
804,0.012101367,9703.078,6624.9443,457.31473,4440.4204,9703.078
805,0.012102979,9599.005,9599.005,9599.005,9599.005,8354.507
806,0.012104597,8078.0654,8078.0654,8078.0654,8078.0654,7042.8667
807,0.012106217,6289.921,7975.956,3135.7075,3845.2795,6289.921
808,0.012107856,5077.1987,5077.1987,5077.1987,5077.1987,3810.9524
809,0.012109526,4053.0828,4053.0828,4053.0828,4053.0828,3910.6091
810,0.012111189,2510.484,3738.308,1795.6023,503.6897,2510.484
811,0.012112848,11.4936075,11.4936075,11.4936075,11.4936075,536.2652
812,0.012114449,-2622.729,-2622.729,-2622.729,-2622.729,42.554302
813,0.012116006,-4503.9375,-2031.7924,-2558.7847,-1228.6284,-4503.9375
814,0.012117541,-5020.0063,-5020.0063,-5020.0063,-5020.0063,-4498.188
815,0.012119053,-4189.3115,-4189.3115,-4189.3115,-4189.3115,-5075.242
816,0.01212056,-2152.1174,-5039.209,-1490.566,-2493.1191,-2152.1174
817,0.012122065,755.96783,755.96783,755.96783,755.96783,3525.7104
818,0.012123602,3369.3145,3369.3145,3369.3145,3369.3145,4281.4683
819,0.012125182,4091.5151,2942.2075,-1111.6313,5303.915,4091.5151
820,0.012126774,1693.7123,1693.7123,1693.7123,1693.7123,2449.4292
821,0.012128379,-2828.3313,-2828.3313,-2828.3313,-2828.3313,-1546.7971
822,0.012129921,-7643.5005,-2297.2998,-8498.051,-570.3343,-7643.5005
823,0.012131475,-11682.762,-11682.762,-11682.762,-11682.762,-9587.219
824,0.012133076,-14557.905,-14557.905,-14557.905,-14557.905,-12159.234
825,0.012134634,-15896.844,-13181.289,-15268.416,-8300.102,-15896.844
826,0.012136146,-15804.809,-15804.809,-15804.809,-15804.809,-16729.492
827,0.01213762,-15063.409,-15063.409,-15063.409,-15063.409,-16769.5
828,0.012139106,-14496.469,-12811.325,-15493.559,-9817.43,-14496.469
829,0.012140643,-14669.465,-14669.465,-14669.465,-14669.465,-8215.117
830,0.012142251,-14957.148,-14957.148,-14957.148,-14957.148,-10225.117
831,0.012143902,-14219.984,-12834.701,-12503.051,-9775.657,-14219.984
832,0.012145588,-11594.725,-11594.725,-11594.725,-11594.725,-8720.656
833,0.012147268,-8031.2075,-8031.2075,-8031.2075,-8031.2075,-4711.571
834,0.012148943,-4895.7734,-12299.4,-7514.0522,-5630.924,-4895.7734
835,0.012150601,-3164.8604,-3164.8604,-3164.8604,-3164.8604,-376.38318
836,0.012152248,-2284.5583,-2284.5583,-2284.5583,-2284.5583,1207.2887
837,0.012153902,-1361.3207,-1617.0477,-6590.3267,-3213.6582,-1361.3207
838,0.012155566,286.5018,286.5018,286.5018,286.5018,-2394.6565
839,0.012157262,2536.7722,2536.7722,2536.7722,2536.7722,-347.8285
840,0.012158938,4940.054,2375.5312,-3424.6548,2436.4797,4940.054
841,0.012160624,7156.3955,7156.3955,7156.3955,7156.3955,6111.687
842,0.012162323,8830.801,8830.801,8830.801,8830.801,8958.788
843,0.012163952,9585.366,7283.9907,1939.8645,6415.504,9585.366
844,0.012165539,9250.578,9250.578,9250.578,9250.578,6318.054
845,0.012167095,7764.0005,7764.0005,7764.0005,7764.0005,5866.5464
846,0.012168686,4953.648,7535.2075,8329.77,5784.262,4953.648
847,0.012170251,1088.656,1088.656,1088.656,1088.656,4432.7417
848,0.012171801,-2563.5781,-2563.5781,-2563.5781,-2563.5781,-1656.9926
849,0.012173345,-4529.8516,-1892.231,437.1924,-1135.9818,-4529.8516
850,0.012174873,-3885.3457,-3885.3457,-3885.3457,-3885.3457,-4959.883
851,0.012176404,-1779.1476,-1779.1476,-1779.1476,-1779.1476,-7006.422
852,0.012177964,169.75743,-3555.6794,-3876.6428,-1226.7932,169.75743
853,0.012179517,593.43524,593.43524,593.43524,593.43524,9594.655
854,0.012181053,-221.75484,-221.75484,-221.75484,-221.75484,5107.5386
855,0.012182595,-1631.0941,772.6294,-86.215576,-67.15869,-1631.0941
856,0.012184142,-2973.859,-2973.859,-2973.859,-2973.859,-685.4457
857,0.012185734,-3496.3936,-3496.3936,-3496.3936,-3496.3936,34.905865
858,0.012187349,-2289.0396,-3186.7043,-2617.9465,-3887.5347,-2289.0396
859,0.012188985,1194.8086,1194.8086,1194.8086,1194.8086,1093.0934
860,0.012190617,5798.553,5798.553,5798.553,5798.553,8120.124
861,0.01219226,10010.585,4605.685,1963.9843,4248.501,10010.585
862,0.012193902,12537.366,12537.366,12537.366,12537.366,5131.046
863,0.012195486,13349.741,13349.741,13349.741,13349.741,9499.796
864,0.012197037,12842.53,10331.235,10800.02,8935.066,12842.53
865,0.012198606,11232.634,11232.634,11232.634,11232.634,5752.4683
866,0.01220018,8617.364,8617.364,8617.364,8617.364,11438.022
867,0.012201786,5001.484,9693.738,6117.9106,5403.843,5001.484
868,0.012203346,747.6218,747.6218,747.6218,747.6218,-270.96915
869,0.01220485,-3536.945,-3536.945,-3536.945,-3536.945,-6259.1797
870,0.012206329,-7367.1016,-2656.0972,4147.9243,-353.90582,-7367.1016
871,0.012207861,-10220.912,-10220.912,-10220.912,-10220.912,-6727.852
872,0.012209433,-10655.344,-10655.344,-10655.344,-10655.344,-6829.8125
873,0.012210968,-7211.039,-10919.512,-8803.633,-9194,-7211.039
874,0.012212456,191.47293,191.47293,191.47293,191.47293,-4365.4536
875,0.012213924,8168.6265,8168.6265,8168.6265,8168.6265,6927.1943
876,0.012215395,12716.398,7725.7827,4555.7427,3501.055,12716.398
877,0.012216889,10901.522,10901.522,10901.522,10901.522,3261.2417
878,0.012218417,4760.1235,4760.1235,4760.1235,4760.1235,-4339.8833
879,0.012219929,-1809.0629,10342.865,5327.7227,6334.825,-1809.0629
880,0.012221464,-5918.1753,-5918.1753,-5918.1753,-5918.1753,2717.937
881,0.01222304,-7621.253,-7621.253,-7621.253,-7621.253,-5244.578
882,0.012224659,-7791.0938,-8698.08,-6745.8984,-6997.083,-7791.0938
883,0.012226276,-7380.688,-7380.688,-7380.688,-7380.688,-3577.5474
884,0.012227888,-7066.135,-7066.135,-7066.135,-7066.135,-2633.9768
885,0.012229501,-7428.813,-7207.2,-7896.088,-5141.264,-7428.813
886,0.012231115,-8809.625,-8809.625,-8809.625,-8809.625,-6986.086
887,0.012232765,-10611.312,-10611.312,-10611.312,-10611.312,-10873.078
888,0.01223443,-11882.367,-9293.228,-8150.7236,-8647.33,-11882.367
889,0.012236089,-11764.38,-11764.38,-11764.38,-11764.38,-194.87538
890,0.012237762,-9869.2,-9869.2,-9869.2,-9869.2,1312.7887
891,0.01223943,-5945.985,-10272.698,-10227.816,-6946.2705,-5945.985
892,0.012241101,-94.64432,-94.64432,-94.64432,-94.64432,-8386.906
893,0.012242777,6085.695,6085.695,6085.695,6085.695,-2206.1643
894,0.012244436,10546.772,5740.1743,-1733.2103,1235.6305,10546.772
895,0.012246083,12092.911,12092.911,12092.911,12092.911,6058.702
896,0.012247729,12218.93,12218.93,12218.93,12218.93,1585.7183
897,0.012249383,13057.304,10001.296,6671.429,9259.038,13057.304
898,0.012251023,15920.586,15920.586,15920.586,15920.586,8378.695
899,0.012252629,18919.29,18919.29,18919.29,18919.29,6971.226
900,0.012254209,19642.021,12225.631,14286.862,11657.101,19642.021
901,0.012255811,16574.3,16574.3,16574.3,16574.3,15406.562
902,0.012257437,11568.034,11568.034,11568.034,11568.034,9524.398
903,0.012259042,7640.5386,12450.401,8666.619,8619.147,7640.5386
904,0.012260591,6766.3496,6766.3496,6766.3496,6766.3496,9139.555
905,0.012262128,7699.2046,7699.2046,7699.2046,7699.2046,9093.757
906,0.01226365,8665.921,11207.554,9078.245,6062.166,8665.921
907,0.012265181,8285.6875,8285.6875,8285.6875,8285.6875,8683.241
908,0.012266787,6340.5176,6340.5176,6340.5176,6340.5176,7003.3276
909,0.012268445,2960.398,6055.4365,3582.1675,5906.821,2960.398
910,0.012270077,-1269.8485,-1269.8485,-1269.8485,-1269.8485,638.5934
911,0.012271681,-5216.694,-5216.694,-5216.694,-5216.694,-2013.0863
912,0.012273245,-7694.7036,-5764.326,-4808.197,-2464.0364,-7694.7036
913,0.012274754,-8122.121,-8122.121,-8122.121,-8122.121,-7386.1562
914,0.012276259,-7530.588,-7530.588,-7530.588,-7530.588,-4512.453
915,0.0122778,-7218.078,-8314.143,-8593.432,-3537.3962,-7218.078
916,0.01227935,-8140.623,-8140.623,-8140.623,-8140.623,-10063.125
917,0.012280859,-9434.9375,-9434.9375,-9434.9375,-9434.9375,-9609.984
918,0.012282338,-9927.609,-8267.859,-8037.249,-7924.6626,-9927.609
919,0.01228382,-8771.697,-8771.697,-8771.697,-8771.697,-6041.3906
920,0.012285322,-6049.1147,-6049.1147,-6049.1147,-6049.1147,-4158.563
921,0.012286835,-2126.7112,-7799.4443,-5009.971,-4232.7573,-2126.7112
922,0.012288358,2448.3206,2448.3206,2448.3206,2448.3206,-1484.758
923,0.012289911,6498.0454,6498.0454,6498.0454,6498.0454,2133.851
924,0.012291458,8470.687,5900.459,-48.631348,3994.7368,8470.687
925,0.01229309,7260.616,7260.616,7260.616,7260.616,6430.062
926,0.01229474,3629.2107,3629.2107,3629.2107,3629.2107,2644.4292
927,0.012296384,-834.81287,4232.1455,2119.9316,5596.623,-834.81287
928,0.012298012,-4788.3076,-4788.3076,-4788.3076,-4788.3076,-4043.3909
929,0.012299621,-7906.9194,-7906.9194,-7906.9194,-7906.9194,-6157.7266
930,0.012301198,-10110.891,-8788.924,-2212.9216,-5236.96,-10110.891
931,0.012302763,-11318.99,-11318.99,-11318.99,-11318.99,-10784.867
932,0.012304353,-11168.467,-11168.467,-11168.467,-11168.467,-11098.914
933,0.012305973,-9129.453,-10431.429,-7974.285,-4967.5415,-9129.453
934,0.012307602,-5110.794,-5110.794,-5110.794,-5110.794,-8799.82
935,0.012309235,-743.3293,-743.3293,-743.3293,-743.3293,-1219.5394
936,0.012310869,1893.5073,-448.59607,-883.791,-3494.312,1893.5073
937,0.012312504,1367.8002,1367.8002,1367.8002,1367.8002,-1819.0316
938,0.012314145,-1166.8821,-1166.8821,-1166.8821,-1166.8821,-7047.8203
939,0.012315731,-3804.25,1167.4968,-861.722,97.29804,-3804.25
940,0.01231727,-5250.372,-5250.372,-5250.372,-5250.372,1539.7731
941,0.012318814,-5563.3193,-5563.3193,-5563.3193,-5563.3193,-756.5082
942,0.012320378,-4999.774,-5529.9146,-6486.632,-5414.66,-4999.774
943,0.012321958,-3854.9998,-3854.9998,-3854.9998,-3854.9998,-8225.234
944,0.01232354,-2595.4165,-2595.4165,-2595.4165,-2595.4165,-5991.703
945,0.012325105,-1730.0941,-2291.9106,-4745.9927,-3443.6392,-1730.0941
946,0.012326669,-1566.8038,-1566.8038,-1566.8038,-1566.8038,-946.0785
947,0.012328221,-1766.6973,-1766.6973,-1766.6973,-1766.6973,-665.48474
948,0.012329779,-1835.8597,-1543.964,-2623.9656,-2929.662,-1835.8597
949,0.012331347,-1415.2688,-1415.2688,-1415.2688,-1415.2688,-4034.016
950,0.012332936,-704.78973,-704.78973,-704.78973,-704.78973,-1929.4535
951,0.012334567,-62.844135,-538.92053,-6552.088,405.85007,-62.844135
952,0.012336237,187.26837,187.26837,187.26837,187.26837,-931.5707
953,0.01233794,80.78146,80.78146,80.78146,80.78146,533.2105
954,0.012339662,-231.62537,89.95332,-1668.2357,337.4565,-231.62537
955,0.012341358,-625.42944,-625.42944,-625.42944,-625.42944,-7478.938
956,0.012343043,-1184.346,-1184.346,-1184.346,-1184.346,-3595.2659
957,0.012344724,-2039.5316,-375.33646,-365.9491,763.50604,-2039.5316
958,0.012346397,-3209.8755,-3209.8755,-3209.8755,-3209.8755,2194.1167
959,0.012348005,-4266.0195,-4266.0195,-4266.0195,-4266.0195,-1665.0941
960,0.012349584,-4799.5786,-3847.7063,-3987.5884,-3360.4294,-4799.5786
961,0.012351135,-4527.3906,-4527.3906,-4527.3906,-4527.3906,-2969.7815
962,0.012352682,-3573.7578,-3573.7578,-3573.7578,-3573.7578,728.0074
963,0.012354238,-2135.5784,-2990.568,-981.68854,-1800.2874,-2135.5784
964,0.012355804,-513.0667,-513.0667,-513.0667,-513.0667,-1631.3207
965,0.012357337,568.1621,568.1621,568.1621,568.1621,-1693.8363
966,0.012358868,389.4293,777.6185,185.41528,-62.97754,389.4293
967,0.012360414,-1524.6608,-1524.6608,-1524.6608,-1524.6608,-555.3441
968,0.012361987,-4466.812,-4466.812,-4466.812,-4466.812,-3901.3203
969,0.012363579,-7316.5703,-4176.655,-3249.9958,-850.80963,-7316.5703
970,0.012365139,-9003.582,-9003.582,-9003.582,-9003.582,-3641.4224
971,0.012366728,-9197.589,-9197.589,-9197.589,-9197.589,-3896.8755
972,0.012368314,-7609.5474,-8890.011,-5498.12,-3520.1934,-7609.5474
973,0.012369907,-4320.703,-4320.703,-4320.703,-4320.703,-4187.235
974,0.012371492,-840.9429,-840.9429,-840.9429,-840.9429,-2267.3127
975,0.012373052,1021.78864,-564.4548,2249.1848,693.27747,1021.78864
976,0.012374623,201.6393,201.6393,201.6393,201.6393,839.0777
977,0.012376213,-1960.0524,-1960.0524,-1960.0524,-1960.0524,1489.4683
978,0.012377777,-3371.2424,60.933395,-1061.9686,-598.3425,-3371.2424
979,0.012379356,-2654.9043,-2654.9043,-2654.9043,-2654.9043,-2436.0552
980,0.012380945,-811.1649,-811.1649,-811.1649,-811.1649,-1363.6332
981,0.012382545,485.8902,500.73288,2202.1426,-1629.8926,485.8902
982,0.01238417,-68.51664,-68.51664,-68.51664,-68.51664,-1715.7972
983,0.01238581,-2004.6855,-2004.6855,-2004.6855,-2004.6855,-2827.883
984,0.012387454,-4321.6333,-1155.849,552.495,156.33313,-4321.6333
985,0.012389121,-6106.437,-6106.437,-6106.437,-6106.437,-6556.4927
986,0.012390763,-6739.2383,-6739.2383,-6739.2383,-6739.2383,-5200.914
987,0.012392361,-5830.5474,-6533.173,-10446.365,-1581.5139,-5830.5474
988,0.01239395,-3264.6482,-3264.6482,-3264.6482,-3264.6482,-953.30505
989,0.012395544,77.078606,77.078606,77.078606,77.078606,-825.5082
990,0.01239711,2979.8823,725.19867,-2884.0457,801.3369,2979.8823
991,0.012398646,4542.5117,4542.5117,4542.5117,4542.5117,2054.656
992,0.012400209,4551.5073,4551.5073,4551.5073,4551.5073,3376.4683
993,0.012401791,2823.2964,3853.7612,678.25824,4155.737,2823.2964
994,0.012403378,-526.2328,-526.2328,-526.2328,-526.2328,-2933.68
995,0.012404989,-4384.957,-4384.957,-4384.957,-4384.957,-5757.1797
996,0.012406586,-7212.399,-4672.814,-5707.728,-1726.327,-7212.399
997,0.012408179,-7934.9365,-7934.9365,-7934.9365,-7934.9365,691.0621
998,0.012409797,-6774.7314,-6774.7314,-6774.7314,-6774.7314,132.96054
999,0.012411439,-4265.125,-8102.7666,-3986.136,-6731.1562,-4265.125
1000,0.012413098,-1094.345,-1094.345,-1094.345,-1094.345,-5485.0864
1001,0.012414752,1630.5151,1630.5151,1630.5151,1630.5151,-3540.172
1002,0.012416407,2762.8354,2020.4081,-2675.4429,-1238.2661,2762.8354
1003,0.012418078,1510.7108,1510.7108,1510.7108,1510.7108,1074.1637
1004,0.012419748,-1333.1289,-1333.1289,-1333.1289,-1333.1289,-4939.985
1005,0.012421392,-4511.8833,967.3409,-3026.447,-5322.638,-4511.8833
1006,0.012423027,-6951.2173,-6951.2173,-6951.2173,-6951.2173,-2011.7893
1007,0.012424659,-7801.244,-7801.244,-7801.244,-7801.244,-2510.641
1008,0.012426298,-6244.727,-7970.7754,-5883.673,-6828.124,-6244.727
1009,0.012427888,-2247.1724,-2247.1724,-2247.1724,-2247.1724,8687.219
1010,0.012429462,1936.4689,1936.4689,1936.4689,1936.4689,10849.117
1011,0.012431023,3600.8748,2235.7603,-1234.4358,1965.4601,3600.8748
1012,0.012432591,1034.9738,1034.9738,1034.9738,1034.9738,-2142.727
1013,0.012434166,-3732.597,-3732.597,-3732.597,-3732.597,-2843.9924
1014,0.012435717,-7601.4067,-6522.488,-975.9148,-3208.4106,-7601.4067
1015,0.012437217,-8519.328,-8519.328,-8519.328,-8519.328,-10347.273
1016,0.012438691,-7621.8125,-7621.8125,-7621.8125,-7621.8125,-12739.406
1017,0.012440189,-6530.8203,-8803.364,-5447.2725,-4502.5215,-6530.8203
1018,0.012441728,-6451.633,-6451.633,-6451.633,-6451.633,-5740.008
1019,0.012443298,-6645.267,-6645.267,-6645.267,-6645.267,-11945.508
1020,0.01244489,-5730.774,-7406.3057,-5109.6255,-1893.0131,-5730.774
1021,0.012446462,-2763.4978,-2763.4978,-2763.4978,-2763.4978,1865.437
1022,0.012448002,1437.0422,1437.0422,1437.0422,1437.0422,4926.82
1023,0.0124495,5717.9526,1757.4031,-1247.6263,1509.4703,5717.9526
1024,0.012450977,9147.187,9147.187,9147.187,9147.187,5469.054
1025,0.012452438,10815.482,10815.482,10815.482,10815.482,7773.1787
1026,0.012453901,9825.891,9147.16,6116.0815,6796.8135,9825.891
1027,0.012455369,5685.2876,5685.2876,5685.2876,5685.2876,4595.6714
1028,0.012456827,-147.32184,-147.32184,-147.32184,-147.32184,-3282.422
1029,0.012458331,-5992.2114,5.685913,998.9807,189.46571,-5992.2114
1030,0.012459914,-10235.988,-10235.988,-10235.988,-10235.988,-8875.203
1031,0.012461573,-12732.135,-12732.135,-12732.135,-12732.135,-11672.57
1032,0.012463185,-13886.9375,-12468.666,-10652.111,-9972.876,-13886.9375
1033,0.012464779,-14315.824,-14315.824,-14315.824,-14315.824,-19580.555
1034,0.012466377,-14118.109,-14118.109,-14118.109,-14118.109,-15844.327
1035,0.012467933,-13299.078,-11963.721,-11343.679,-10061.9,-13299.078
1036,0.012469422,-12026.398,-12026.398,-12026.398,-12026.398,-14702.477
1037,0.012470898,-10818.631,-10818.631,-10818.631,-10818.631,-10999.594
1038,0.012472395,-10292.766,-11926.543,-11708.253,-5750.089,-10292.766
1039,0.012473927,-10885.173,-10885.173,-10885.173,-10885.173,-11637.547
1040,0.012475425,-11914.327,-11914.327,-11914.327,-11914.327,-14666.554
1041,0.012476905,-12483.453,-11270.842,-5676.3677,-8176.7334,-12483.453
1042,0.012478414,-11969.806,-11969.806,-11969.806,-11969.806,-11259.359
1043,0.01247998,-10710.989,-10710.989,-10710.989,-10710.989,-11098.156
1044,0.012481635,-9398.031,-10683.108,-10051.29,-8430.47,-9398.031
1045,0.012483343,-8732.504,-8732.504,-8732.504,-8732.504,-11563.523
1046,0.012485002,-8486.082,-8486.082,-8486.082,-8486.082,-11054.203
1047,0.012486602,-8160.5547,-10705.165,-7364.033,-7017.061,-8160.5547
1048,0.012488166,-7342.6064,-7342.6064,-7342.6064,-7342.6064,-289.10977
1049,0.012489718,-5679.359,-5679.359,-5679.359,-5679.359,-5272.6875
1050,0.012491276,-2804.6567,-6446.5317,-5355.0356,-5202.4697,-2804.6567
1051,0.0124928,1195.0121,1195.0121,1195.0121,1195.0121,5122.2104
1052,0.012494335,5129.55,5129.55,5129.55,5129.55,9651.991
1053,0.012495876,7361.1167,4524.677,-27.878222,5669.977,7361.1167
1054,0.01249738,6849.715,6849.715,6849.715,6849.715,2556.687
1055,0.012498883,4819.7495,4819.7495,4819.7495,4819.7495,2856.359
1056,0.012500376,2951.8667,5893.3853,942.1645,4864.1724,2951.8667
1057,0.012501844,2528.3767,2528.3767,2528.3767,2528.3767,5636.468
1058,0.01250337,3510.4438,3510.4438,3510.4438,3510.4438,7036.7573
1059,0.01250499,5663.648,2054.6506,1468.8007,5624.2095,5663.648
1060,0.012506615,8388.728,8388.728,8388.728,8388.728,6070.6553
1061,0.012508228,10771.667,10771.667,10771.667,10771.667,7394.226
1062,0.012509852,11884.296,8730.864,6667.013,7930.4434,11884.296
1063,0.01251148,11165.825,11165.825,11165.825,11165.825,15196.125
1064,0.012513105,9797.541,9797.541,9797.541,9797.541,11943.991
1065,0.012514728,9385.68,9151.358,4703.7817,7125.64,9385.68
1066,0.012516393,11042.219,11042.219,11042.219,11042.219,11283.601
1067,0.01251806,13573.817,13573.817,13573.817,13573.817,16536.352
1068,0.01251971,15150.593,10311.935,11139.995,10701.319,15150.593
1069,0.01252136,14498.02,14498.02,14498.02,14498.02,11763.827
1070,0.012523025,12170.372,12170.372,12170.372,12170.372,8534.421
1071,0.012524709,9208.132,11018.113,14076.342,5483.7803,9208.132
1072,0.012526393,6534.8447,6534.8447,6534.8447,6534.8447,10472.265
1073,0.012527974,4346.833,4346.833,4346.833,4346.833,6297.5073
1074,0.01252951,2399.8276,3142.82,4189.9165,2824.587,2399.8276
1075,0.012531047,507.6539,507.6539,507.6539,507.6539,-2607.7659
1076,0.012532606,-1500.2103,-1500.2103,-1500.2103,-1500.2103,-6016.1094
1077,0.012534183,-3778.9531,-1004.3216,2706.7383,-900.03735,-3778.9531
1078,0.012535769,-6358.754,-6358.754,-6358.754,-6358.754,-4435.9536
1079,0.012537389,-8815.37,-8815.37,-8815.37,-8815.37,-8498.594
1080,0.012538995,-10466.859,-8870.759,461.9977,-5244.0664,-10466.859
1081,0.012540557,-10823.318,-10823.318,-10823.318,-10823.318,-2905.3987
1082,0.012542129,-9749.374,-9749.374,-9749.374,-9749.374,-3266.508
1083,0.012543689,-7154.9688,-9683.909,-7560.7305,-5816.9907,-7154.9688
1084,0.012545281,-3121.1523,-3121.1523,-3121.1523,-3121.1523,-9677.172
1085,0.012546883,975.0608,975.0608,975.0608,975.0608,-5008.844
1086,0.012548448,3397.601,760.4939,382.68906,2660.9817,3397.601
1087,0.012549952,3305.1125,3305.1125,3305.1125,3305.1125,7169.859
1088,0.012551441,2077.0574,2077.0574,2077.0574,2077.0574,1152.3903
1089,0.012552987,1440.937,3143.233,-870.4872,3419.7656,1440.937
1090,0.012554546,2921.2188,2921.2188,2921.2188,2921.2188,4859.6636
1091,0.012556111,6233.1797,6233.1797,6233.1797,6233.1797,7362.765
1092,0.012557669,10581.39,4689.6216,1723.6893,7391.3154,10581.39
1093,0.012559257,15170.989,15170.989,15170.989,15170.989,13865.46
1094,0.01256082,18434.33,18434.33,18434.33,18434.33,17333.547
1095,0.012562374,18939.32,12127.3955,10763.725,13411.427,18939.32
1096,0.012563944,15754.985,15754.985,15754.985,15754.985,12379.633
1097,0.012565545,10202.569,10202.569,10202.569,10202.569,8325.477
1098,0.012567176,4396.179,12208.085,8402.601,8862.454,4396.179
1099,0.012568815,351.80994,351.80994,351.80994,351.80994,3098.2417
1100,0.012570435,-1407.0995,-1407.0995,-1407.0995,-1407.0995,-2254.6877
1101,0.01257202,-866.50037,-914.05493,-1855.6122,-3442.6143,-866.50037
1102,0.0125736,1709.5219,1709.5219,1709.5219,1709.5219,-544.9769
1103,0.012575156,4907.8584,4907.8584,4907.8584,4907.8584,2428.9136
1104,0.01257668,7143.421,3778.1814,4130.5596,5557.6245,7143.421
1105,0.012578167,7551.3257,7551.3257,7551.3257,7551.3257,6395.0386
1106,0.012579623,7394.91,7394.91,7394.91,7394.91,8747.038
1107,0.012581098,8331.78,5977.8154,5426.2744,6003.341,8331.78
1108,0.012582659,11615.221,11615.221,11615.221,11615.221,11702.554
1109,0.012584284,15578.045,15578.045,15578.045,15578.045,14986.265
1110,0.012585893,17262.764,11014.262,10612.394,8872.137,17262.764
1111,0.012587488,14720.83,14720.83,14720.83,14720.83,12788.03
1112,0.012589065,9053.579,9053.579,9053.579,9053.579,2270.4917
1113,0.01259062,2039.8511,11129.772,6526.5107,6735.965,2039.8511
1114,0.0125922,-4924.2935,-4924.2935,-4924.2935,-4924.2935,-5899.8984
1115,0.012593814,-10409.851,-10409.851,-10409.851,-10409.851,-4764.8125
1116,0.012595414,-12810.352,-11491.074,-8718.927,-7283.7017,-12810.352
1117,0.012597005,-11484.973,-11484.973,-11484.973,-11484.973,-10397.141
1118,0.012598608,-8473.227,-8473.227,-8473.227,-8473.227,-9470.906
1119,0.012600203,-6558.992,-11899.291,-6345.8574,-6139.689,-6558.992
1120,0.012601817,-7657.149,-7657.149,-7657.149,-7657.149,-7175.086
1121,0.01260343,-10281.886,-10281.886,-10281.886,-10281.886,-10647.977
1122,0.012605057,-12050.602,-10985.227,-7365.4497,-8371.031,-12050.602
1123,0.012606674,-11210.054,-11210.054,-11210.054,-11210.054,-12069.234
1124,0.01260829,-8829.074,-8829.074,-8829.074,-8829.074,-11789.648
1125,0.012609898,-6654.5625,-10432.414,-8545.489,-8272.754,-6654.5625
1126,0.012611512,-6027.703,-6027.703,-6027.703,-6027.703,-6772.36
1127,0.012613107,-6836.6367,-6836.6367,-6836.6367,-6836.6367,-6058.1016
1128,0.012614682,-8581.305,-9178.08,-6568.5005,-3084.8462,-8581.305
1129,0.012616266,-10750.736,-10750.736,-10750.736,-10750.736,-12173.086
1130,0.012617877,-12472.184,-12472.184,-12472.184,-12472.184,-12187.633
1131,0.012619503,-12679.57,-10761.186,-12136.662,-8615.1455,-12679.57
1132,0.01262113,-10727.505,-10727.505,-10727.505,-10727.505,-11731.0625
1133,0.012622729,-7755.834,-7755.834,-7755.834,-7755.834,-9010.141
1134,0.012624301,-5219.8203,-10858.311,-9659.475,-6892.933,-5219.8203
1135,0.012625882,-4063.8103,-4063.8103,-4063.8103,-4063.8103,-1439.8207
1136,0.012627449,-3793.141,-3793.141,-3793.141,-3793.141,-2100.9456
1137,0.012629049,-3509.0627,-3780.4602,-1192.896,-1477.2953,-3509.0627
1138,0.012630691,-2513.4724,-2513.4724,-2513.4724,-2513.4724,-1611.4066
1139,0.01263234,-1146.8203,-1146.8203,-1146.8203,-1146.8203,5503.0933
1140,0.01263398,-35.35976,-1092.2028,1417.4545,1120.9843,-35.35976
1141,0.01263566,381.37207,381.37207,381.37207,381.37207,-1316.2035
1142,0.012637309,281.99283,281.99283,281.99283,281.99283,-2141.469
1143,0.012638911,45.49961,551.6561,-1637.4938,39.64056,45.49961
1144,0.012640488,-83.93912,-83.93912,-83.93912,-83.93912,910.0855
1145,0.012642061,-218.78343,-218.78343,-218.78343,-218.78343,-1377.7972
1146,0.012643636,-552.7816,153.83453,-4253.0176,-860.1263,-552.7816
1147,0.012645214,-1189.6824,-1189.6824,-1189.6824,-1189.6824,2472.3667
1148,0.012646801,-1870.0071,-1870.0071,-1870.0071,-1870.0071,2294.484
1149,0.012648386,-2230.9612,-877.69305,-3191.6555,-1705.7125,-2230.9612
1150,0.012649965,-1988.7196,-1988.7196,-1988.7196,-1988.7196,211.99179
1151,0.012651533,-1153.0256,-1153.0256,-1153.0256,-1153.0256,2683.898
1152,0.012653099,204.39806,-464.49527,-635.9259,-227.87718,204.39806
1153,0.012654688,1957.408,1957.408,1957.408,1957.408,2888.8198
1154,0.012656303,3601.9001,3601.9001,3601.9001,3601.9001,7399.265
1155,0.012657947,4489.015,2902.984,3004.6282,2590.6748,4489.015
1156,0.012659596,4111.228,4111.228,4111.228,4111.228,-2957.3909
1157,0.012661206,2794.0012,2794.0012,2794.0012,2794.0012,-3365.2502
1158,0.012662794,1017.4449,1547.4536,4104.9863,1667.6316,1017.4449
1159,0.012664359,-835.0731,-835.0731,-835.0731,-835.0731,3075.0308
1160,0.012665891,-2630.0933,-2630.0933,-2630.0933,-2630.0933,-924.13324
1161,0.012667462,-4392.2505,-2109.5713,-4718.0513,-140.44995,-4392.2505
1162,0.012669086,-5987.5024,-5987.5024,-5987.5024,-5987.5024,-4654.133
1163,0.012670698,-6892.093,-6892.093,-6892.093,-6892.093,-6409.164
1164,0.012672297,-6601.297,-6768.0986,-6548.099,-4944.7646,-6601.297
1165,0.012673879,-4931.8794,-4931.8794,-4931.8794,-4931.8794,-5526.0703
1166,0.012675428,-2869.8508,-2869.8508,-2869.8508,-2869.8508,-261.4535
1167,0.012676932,-1564.8832,-2611.4524,-5911.6533,-11.557884,-1564.8832
1168,0.012678414,-1705.113,-1705.113,-1705.113,-1705.113,-4668.9766
1169,0.012679896,-2851.157,-2851.157,-2851.157,-2851.157,-3937.5393
1170,0.012681388,-4314.844,-1734.5553,-4744.694,-328.72165,-4314.844
1171,0.012682874,-5524.9546,-5524.9546,-5524.9546,-5524.9546,-6211.336
1172,0.012684365,-6527.719,-6527.719,-6527.719,-6527.719,-6895.6724
1173,0.012685918,-7548.625,-5997.6816,-6345.498,-550.53516,-7548.625
1174,0.012687537,-8724.089,-8724.089,-8724.089,-8724.089,-10157.117
1175,0.012689172,-9817.191,-9817.191,-9817.191,-9817.191,-7910.696
1176,0.012690809,-10516.18,-8807.719,-7568.9624,-7031.0913,-10516.18
1177,0.012692419,-10559.226,-10559.226,-10559.226,-10559.226,-10321.711
1178,0.012694016,-9856.449,-9856.449,-9856.449,-9856.449,-5263.0396
1179,0.012695599,-8350.258,-9226.6875,-9115.857,-7506.773,-8350.258
1180,0.012697191,-6139.414,-6139.414,-6139.414,-6139.414,-9070.25
1181,0.012698778,-4126.2915,-4126.2915,-4126.2915,-4126.2915,-7734.219
1182,0.012700357,-3378.3518,-5126.134,-4385.026,-3318.6875,-3378.3518
1183,0.012701986,-4523.7,-4523.7,-4523.7,-4523.7,-757.9457
1184,0.012703669,-6225.8413,-6225.8413,-6225.8413,-6225.8413,-2224.2349
1185,0.012705362,-6324.305,-7533.325,-6731.7285,-3893.271,-6324.305
1186,0.012706995,-3538.4995,-3538.4995,-3538.4995,-3538.4995,-2224.555
1187,0.012708633,592.5003,592.5003,592.5003,592.5003,-2710.1877
1188,0.012710246,3811.2415,1082.3214,-563.1743,-1104.9712,3811.2415
1189,0.0127118,4714.862,4714.862,4714.862,4714.862,5930.906
1190,0.012713314,4516.1616,4516.1616,4516.1616,4516.1616,5971.0386
1191,0.012714826,4793.4526,4030.944,457.15204,2691.1836,4793.4526
1192,0.012716346,6534.599,6534.599,6534.599,6534.599,3863.9993
1193,0.012717902,8547.397,8547.397,8547.397,8547.397,7845.0303
1194,0.012719491,8870.093,6580.658,2742.5134,5844.473,8870.093
1195,0.012721038,6218.4336,6218.4336,6218.4336,6218.4336,4518.9526
1196,0.012722554,2055.6763,2055.6763,2055.6763,2055.6763,-1439.1566
1197,0.012724075,-1790.9377,1575.5913,-2076.5952,1120.2103,-1790.9377
1198,0.012725622,-3892.6077,-3892.6077,-3892.6077,-3892.6077,1609.8198
1199,0.012727218,-4532.0522,-4532.0522,-4532.0522,-4532.0522,686.5699
1200,0.012728872,-4505.4453,-5028.037,-2854.0173,-4091.707,-4505.4453
1201,0.012730512,-4549.8735,-4549.8735,-4549.8735,-4549.8735,-5078.594
1202,0.012732117,-4598.174,-4598.174,-4598.174,-4598.174,-3124.8284
1203,0.012733666,-4403.227,-3943.8997,-5667.222,-2866.7275,-4403.227
1204,0.012735205,-3830.7205,-3830.7205,-3830.7205,-3830.7205,-4966.094
1205,0.012736773,-3089.943,-3089.943,-3089.943,-3089.943,-4893.164
1206,0.012738391,-2507.7112,-3287.2498,-2715.404,-1509.8651,-2507.7112
1207,0.012740012,-2285.1145,-2285.1145,-2285.1145,-2285.1145,-708.0316
1208,0.01274162,-1864.437,-1864.437,-1864.437,-1864.437,806.4684
1209,0.012743227,-510.391,-1672.5845,-2913.4915,-963.4747,-510.391
1210,0.01274481,2087.0237,2087.0237,2087.0237,2087.0237,-1248.141
1211,0.012746369,4796.532,4796.532,4796.532,4796.532,2896.398
1212,0.012747933,6247.273,3764.7993,3010.5674,5901.4175,6247.273
1213,0.012749514,5435.7686,5435.7686,5435.7686,5435.7686,4383.0073
1214,0.012751118,3113.9412,3113.9412,3113.9412,3113.9412,1355.2653
1215,0.012752669,675.4449,1201.1536,3620.622,2965.216,675.4449
1216,0.012754165,-995.2849,-995.2849,-995.2849,-995.2849,-405.18787
1217,0.012755696,-2316.0667,-2316.0667,-2316.0667,-2316.0667,-5044.0474
1218,0.012757241,-3868.383,-1775.4768,976.41846,-394.2936,-3868.383
1219,0.012758788,-6082.644,-6082.644,-6082.644,-6082.644,-7253.953
1220,0.012760323,-8617.919,-8617.919,-8617.919,-8617.919,-5933.9453
1221,0.012761892,-11037.773,-8399.491,-4720.2773,-4580.68,-11037.773
1222,0.012763438,-12677.331,-12677.331,-12677.331,-12677.331,-8986.102
1223,0.012764982,-12760.4,-12760.4,-12760.4,-12760.4,-10869.1875
1224,0.012766522,-10426.273,-11101.171,-13671.892,-7941.929,-10426.273
1225,0.01276806,-5289.1914,-5289.1914,-5289.1914,-5289.1914,-1425.3832
1226,0.012769639,1345.3063,1345.3063,1345.3063,1345.3063,8080.0933
1227,0.012771249,7363.7256,1016.89514,2764.4412,963.81635,7363.7256
1228,0.012772871,10912.499,10912.499,10912.499,10912.499,9089.413
1229,0.012774481,12143.966,12143.966,12143.966,12143.966,10146.585
1230,0.012776093,11780.976,10420.896,7790.344,11127.405,11780.976
1231,0.012777691,10462.629,10462.629,10462.629,10462.629,6961.1787
1232,0.012779277,8573.853,8573.853,8573.853,8573.853,2376.6948
1233,0.012780849,6425.6636,8904.587,8102.7114,6017.804,6425.6636
1234,0.012782474,4181.0303,4181.0303,4181.0303,4181.0303,4788.429
1235,0.012784162,1923.2607,1923.2607,1923.2607,1923.2607,-1193.1488
1236,0.012785797,-138.25038,1476.577,3380.7542,184.69437,-138.25038
1237,0.012787385,-1887.098,-1887.098,-1887.098,-1887.098,2402.4058
1238,0.012788954,-2904.8557,-2904.8557,-2904.8557,-2904.8557,-2123.883
1239,0.012790544,-2661.2896,-2285.9797,-28.408375,-2466.3367,-2661.2896
1240,0.012792157,-831.07074,-831.07074,-831.07074,-831.07074,2798.8667
1241,0.012793753,1643.518,1643.518,1643.518,1643.518,6334.2417
1242,0.012795361,3596.101,1387.5999,2261.2195,-92.75354,3596.101
1243,0.012796967,4143.9976,4143.9976,4143.9976,4143.9976,2741.2964
1244,0.012798537,3831.1367,3831.1367,3831.1367,3831.1367,1807.8824
1245,0.01280007,3508.0464,3315.4734,1211.5294,5580.9316,3508.0464
1246,0.012801632,3706.119,3706.119,3706.119,3706.119,5524.5464
1247,0.012803241,3983.9407,3983.9407,3983.9407,3983.9407,7007.8823
1248,0.012804864,3565.828,2872.6716,863.2803,4935.7324,3565.828
1249,0.012806413,1978.7375,1978.7375,1978.7375,1978.7375,552.74176
1250,0.012807937,-470.0314,-470.0314,-470.0314,-470.0314,-2963.3206
1251,0.012809528,-3499.6018,-258.48328,-196.24037,-217.55188,-3499.6018
1252,0.012811122,-6514.382,-6514.382,-6514.382,-6514.382,-4813.6875
1253,0.012812663,-8839.538,-8839.538,-8839.538,-8839.538,-7716.7734
1254,0.012814186,-10004.5625,-9094.23,-1941.7666,-4845.63,-10004.5625
1255,0.012815692,-9783.669,-9783.669,-9783.669,-9783.669,-10501.195
1256,0.012817251,-9019.976,-9019.976,-9019.976,-9019.976,-10817.484
1257,0.012818889,-8976.977,-9051.08,-7446.222,-7210.9663,-8976.977
1258,0.012820484,-10413.479,-10413.479,-10413.479,-10413.479,-5559.789
1259,0.012822072,-11543.613,-11543.613,-11543.613,-11543.613,-9997.391
1260,0.012823654,-10028.289,-9962.376,-11307.379,-9716.871,-10028.289
1261,0.012825195,-4716.506,-4716.506,-4716.506,-4716.506,-3482.9143
1262,0.01282673,1905.391,1905.391,1905.391,1905.391,674.0308
1263,0.012828312,6583.523,1409.3547,1523.826,-5130.9185,6583.523
1264,0.012829893,6493.118,6493.118,6493.118,6493.118,-653.42224
1265,0.012831489,3089.6465,3089.6465,3089.6465,3089.6465,1774.9684
1266,0.012833019,-905.39874,5968.2754,-327.7736,-485.07898,-905.39874
1267,0.012834492,-3643.8826,-3643.8826,-3643.8826,-3643.8826,-1285.3832
1268,0.012835955,-5115.0366,-5115.0366,-5115.0366,-5115.0366,-3970.922
1269,0.012837425,-5558.9536,-5651.866,-4243.5024,-2191.3286,-5558.9536
1270,0.012838919,-5242.5674,-5242.5674,-5242.5674,-5242.5674,-6276.766
1271,0.012840477,-4707.3184,-4707.3184,-4707.3184,-4707.3184,-6852.4453
1272,0.012842111,-4705.242,-5082.345,-9496.98,-4988.1675,-4705.242
1273,0.012843736,-5782.2295,-5782.2295,-5782.2295,-5782.2295,-2178.7659
1274,0.012845324,-7194.754,-7194.754,-7194.754,-7194.754,-8481.25
1275,0.012846875,-7999.5625,-6250.4976,-5608.9795,-7428.0645,-7999.5625
1276,0.012848392,-7682.678,-7682.678,-7682.678,-7682.678,-5614.5474
1277,0.01284992,-6954.7646,-6954.7646,-6954.7646,-6954.7646,-5076.1567
1278,0.012851515,-6851.2734,-7043.761,-5393.1455,-7950.277,-6851.2734
1279,0.012853065,-8101.203,-8101.203,-8101.203,-8101.203,-7621.203
1280,0.012854584,-9861.185,-9861.185,-9861.185,-9861.185,-7837.5938
1281,0.012856111,-11052.172,-8669.42,-5278.354,-8650.802,-11052.172
1282,0.012857622,-10783.495,-10783.495,-10783.495,-10783.495,-10158.523
1283,0.012859154,-9021.148,-9021.148,-9021.148,-9021.148,-9609.195
1284,0.012860728,-5859.2817,-9651.99,-6485.138,-6699.6973,-5859.2817
1285,0.012862302,-1770.7814,-1770.7814,-1770.7814,-1770.7814,-2979.5393
1286,0.012863893,1927.9335,1927.9335,1927.9335,1927.9335,2493.0698
1287,0.012865481,3570.7104,1416.5677,-3561.243,-1547.6558,3570.7104
1288,0.012867045,2234.977,2234.977,2234.977,2234.977,-2717.969
1289,0.012868664,-573.3372,-573.3372,-573.3372,-573.3372,-5875.086
1290,0.012870327,-2461.258,2271.773,2361.194,-2537.4597,-2461.258
1291,0.012872009,-1388.0255,-1388.0255,-1388.0255,-1388.0255,7867.656
1292,0.012873688,1919.5653,1919.5653,1919.5653,1919.5653,7051.273
1293,0.012875377,6048.687,2607.043,1231.6023,-1371.309,6048.687
1294,0.012877034,9660.695,9660.695,9660.695,9660.695,11602.593
1295,0.012878703,12407.887,12407.887,12407.887,12407.887,10869.702
1296,0.01288038,14009.71,9859.595,8607.966,7068.0815,14009.71
1297,0.012882018,14407.192,14407.192,14407.192,14407.192,16276.843
1298,0.012883642,14421.497,14421.497,14421.497,14421.497,17806.71
1299,0.012885259,15004.124,10459.426,14018.674,9848.277,15004.124
1300,0.01288691,16749.451,16749.451,16749.451,16749.451,13780.413
1301,0.012888558,18602.578,18602.578,18602.578,18602.578,18187.156
1302,0.012890192,19120.256,12185.948,15211.1875,10701.767,19120.256
1303,0.012891787,17438.605,17438.605,17438.605,17438.605,20430.04
1304,0.012893364,14498.544,14498.544,14498.544,14498.544,16555.99
1305,0.012894937,11564.726,12343.717,10835.162,9829.319,11564.726
1306,0.012896542,9498.784,9498.784,9498.784,9498.784,8094.96
1307,0.012898181,7784.36,7784.36,7784.36,7784.36,8315.694
1308,0.012899814,5509.6323,11271.313,7027.5957,3875.0815,5509.6323
1309,0.012901446,1976.5795,1976.5795,1976.5795,1976.5795,1953.6011
1310,0.012903095,-2469.6072,-2469.6072,-2469.6072,-2469.6072,-851.8519
1311,0.012904734,-7084.508,-1807.204,-6636.5522,-2547.359,-7084.508
1312,0.012906357,-11256.754,-11256.754,-11256.754,-11256.754,-10541.102
1313,0.012907968,-14724.745,-14724.745,-14724.745,-14724.745,-14492.953
1314,0.012909586,-17325.203,-13482.688,-12925.37,-12284.304,-17325.203
1315,0.012911208,-18851.9,-18851.9,-18851.9,-18851.9,-17392.633
1316,0.012912855,-19163.19,-19163.19,-19163.19,-19163.19,-15876.319
1317,0.012914511,-18098.883,-14421.397,-12328.719,-14044.89,-18098.883
1318,0.012916131,-15784.613,-15784.613,-15784.613,-15784.613,-18330.422
1319,0.01291772,-13043.513,-13043.513,-13043.513,-13043.513,-16433.586
1320,0.012919307,-10747.477,-14510.037,-10438.379,-9278.053,-10747.477
1321,0.012920892,-9530.154,-9530.154,-9530.154,-9530.154,-6492.805
1322,0.012922493,-8964.795,-8964.795,-8964.795,-8964.795,-9556.5625
1323,0.012924139,-8342.516,-13933.236,-6167.935,-6108.8594,-8342.516
1324,0.01292577,-7133.9976,-7133.9976,-7133.9976,-7133.9976,-5730.9375
1325,0.012927385,-5573.8174,-5573.8174,-5573.8174,-5573.8174,-5366.5083
1326,0.01292902,-4040.5315,-6021.952,-5316.3306,-2398.8176,-4040.5315
1327,0.01293062,-2926.8372,-2926.8372,-2926.8372,-2926.8372,415.65585
1328,0.012932206,-2296.1445,-2296.1445,-2296.1445,-2296.1445,-3479.555
1329,0.012933784,-2170.3286,-2233.681,-3213.5398,-1669.4937,-2170.3286
1330,0.012935364,-2452.733,-2452.733,-2452.733,-2452.733,-491.60193
1331,0.012936956,-2541.2795,-2541.2795,-2541.2795,-2541.2795,1100.2886
1332,0.012938553,-1685.7504,-1912.2708,-3353.9478,870.819,-1685.7504
1333,0.012940138,494.46564,494.46564,494.46564,494.46564,-2430.4768
1334,0.012941747,3048.1965,3048.1965,3048.1965,3048.1965,-495.53946
1335,0.012943405,4574.0464,2544.5247,-2382.8137,-2109.4883,4574.0464
1336,0.012945017,4007.5352,4007.5352,4007.5352,4007.5352,3998.1948
1337,0.012946579,2364.2515,2364.2515,2364.2515,2364.2515,2220.109
1338,0.012948091,920.9605,2915.194,2593.9314,310.16623,920.9605
1339,0.012949577,494.41876,494.41876,494.41876,494.41876,1528.4448
1340,0.012951052,892.12866,892.12866,892.12866,892.12866,1785.1089
1341,0.012952541,1722.4839,695.4653,310.87662,-2072.3826,1722.4839
1342,0.012954041,2642.6963,2642.6963,2642.6963,2642.6963,3753.656
1343,0.012955546,3519.909,3519.909,3519.909,3519.909,3575.117
1344,0.012957036,4269.5776,2697.78,2905.0002,975.4192,4269.5776
1345,0.012958558,4796.9277,4796.9277,4796.9277,4796.9277,3421.609
1346,0.012960127,4792.0957,4792.0957,4792.0957,4792.0957,1918.0856
1347,0.012961708,3870.5933,3561.6033,6081.389,4727.253,3870.5933
1348,0.012963303,1855.8925,1855.8925,1855.8925,1855.8925,1387.4917
1349,0.012964951,-632.44116,-632.44116,-632.44116,-632.44116,842.484
1350,0.012966642,-2579.8677,-334.88037,4045.0708,-755.57306,-2579.8677
1351,0.012968286,-3131.046,-3131.046,-3131.046,-3131.046,-1400.4535
1352,0.012969893,-2687.89,-2687.89,-2687.89,-2687.89,-950.3832
1353,0.012971505,-1816.0941,-3286.0247,721.72784,-4632.077,-1816.0941
1354,0.012973141,-1054.064,-1054.064,-1054.064,-1054.064,-4278.8677
1355,0.012974812,-993.71686,-993.71686,-993.71686,-993.71686,-6637.8516