,time,spline,prediction probe,prediction one case,prediction all case,target
0,0.010825082,-8844.577,-8844.577,-8844.577,-8844.577,-8844.577
1,0.010826685,-10107.537,-10107.537,-10107.537,-10107.537,-12430.922
2,0.010828277,-9462.094,-9462.094,-9462.094,-9462.094,-11317.952
3,0.010829888,-7560.077,-7560.077,-7560.077,-7560.077,-7560.077
4,0.010831531,-5035.018,-5035.018,-5035.018,-5035.018,-3802.1084
5,0.010833169,-2648.483,-2648.483,-2648.483,-2648.483,-510.48328
6,0.010834764,-1137.9208,-1113.1191,512.19257,393.4624,-1137.9208
7,0.010836334,-795.64996,-795.64996,-795.64996,-795.64996,-742.7958
8,0.010837867,-770.9435,-770.9435,-770.9435,-770.9435,-648.2333
9,0.010839376,-27.17857,694.13794,615.16626,297.365,-27.17857
10,0.010840896,2024.7307,2024.7307,2024.7307,2024.7307,3249.72
11,0.010842462,4305.4346,4305.4346,4305.4346,4305.4346,5289.0093
12,0.010844035,5063.0713,5618.06,360.57278,509.78735,5063.0713
13,0.010845604,3203.4695,3203.4695,3203.4695,3203.4695,4636.947
14,0.010847193,149.50768,149.50768,149.50768,149.50768,1395.2667
15,0.010848776,-1918.0223,6479.6743,212.75871,1149.806,-1918.0223
16,0.010850368,-1485.5707,-1485.5707,-1485.5707,-1485.5707,-253.48328
17,0.010851933,406.76785,406.76785,406.76785,406.76785,713.68866
18,0.010853428,2112.5872,5562.2207,-40.934772,1868.683,2112.5872
19,0.010854891,2713.9788,2713.9788,2713.9788,2713.9788,4543.673
20,0.010856386,2826.5757,2826.5757,2826.5757,2826.5757,3455.5637
21,0.010857959,3492.0403,4617.648,11.803906,1117.8035,3492.0403
22,0.010859532,5481.2764,5481.2764,5481.2764,5481.2764,3317.806
23,0.010861128,8064.181,8064.181,8064.181,8064.181,7107.1187
24,0.010862754,10040.438,8800.803,81.85362,284.59723,10040.438
25,0.010864398,10464.42,10464.42,10464.42,10464.42,5872.423
26,0.010865998,9957.039,9957.039,9957.039,9957.039,5408.111
27,0.010867607,9490.806,10288.14,529.2152,-555.7009,9490.806
28,0.010869246,9756.41,9756.41,9756.41,9756.41,10121.072
29,0.010870907,10319.3,10319.3,10319.3,10319.3,6283.15
30,0.010872588,10400.376,12503.163,504.06216,-476.0997,10400.376
31,0.010874285,9307.465,9307.465,9307.465,9307.465,11754.423
32,0.010875857,7124.997,7124.997,7124.997,7124.997,6605.7666
33,0.010877375,3954.134,11637.311,384.4949,-424.9919,3954.134
34,0.010878912,-173.91037,-173.91037,-173.91037,-173.91037,272.25113
35,0.010880472,-4571.0967,-4571.0967,-4571.0967,-4571.0967,-3322.3975
36,0.010882076,-8368.858,6543.111,134.28096,-1475.6926,-8368.858
37,0.010883656,-10586.712,-10586.712,-10586.712,-10586.712,-7808.9443
38,0.010885213,-11040.487,-11040.487,-11040.487,-11040.487,-8034.2803
39,0.010886778,-9647.836,991.9022,20.157156,-2052.613,-9647.836
40,0.01088832,-6596.308,-6596.308,-6596.308,-6596.308,-8912.147
41,0.010889848,-3032.1938,-3032.1938,-3032.1938,-3032.1938,-4052.0066
42,0.010891397,-239.89732,-1666.5948,-135.20906,-1904.971,-239.89732
43,0.010892965,671.3073,671.3073,671.3073,671.3073,1539.0403
44,0.01089458,-128.01495,-128.01495,-128.01495,-128.01495,-1983.3271
45,0.010896204,-2060.9287,345.5951,-133.06299,-1089.7917,-2060.9287
46,0.010897866,-4598.1943,-4598.1943,-4598.1943,-4598.1943,-2749.7646
47,0.010899518,-7351.2983,-7351.2983,-7351.2983,-7351.2983,-5603.0615
48,0.010901147,-10038.952,1334.801,446.09845,-1051.1278,-10038.952
49,0.010902746,-12393.904,-12393.904,-12393.904,-12393.904,-9403.694
50,0.010904307,-14119.429,-14119.429,-14119.429,-14119.429,-9836.515
51,0.010905877,-14969.71,-2626.452,364.29184,-952.2989,-14969.71
52,0.010907435,-14801.488,-14801.488,-14801.488,-14801.488,-15150.577
53,0.010908995,-14187.605,-14187.605,-14187.605,-14187.605,-17800.875
54,0.010910581,-13869.132,-6054.6143,407.2768,-1245.5879,-13869.132
55,0.010912158,-14345.812,-14345.812,-14345.812,-14345.812,-17553.85
56,0.010913717,-14985.713,-14985.713,-14985.713,-14985.713,-17668.248
57,0.010915249,-14931.304,-7546.5527,430.09164,-968.3552,-14931.304
58,0.010916796,-13607.969,-13607.969,-13607.969,-13607.969,-13331.109
59,0.01091838,-11430.985,-11430.985,-11430.985,-11430.985,-5328.4053
60,0.010919941,-9238.077,-6593.6006,557.3047,-1391.5278,-9238.077
61,0.010921494,-7605.5776,-7605.5776,-7605.5776,-7605.5776,-8098.8584
62,0.010923087,-6446.254,-6446.254,-6446.254,-6446.254,-8994.905
63,0.010924713,-5566.9443,-4663.9116,510.9146,-1546.5741,-5566.9443
64,0.010926324,-4815.2524,-4815.2524,-4815.2524,-4815.2524,-8331.452
65,0.01092791,-4217.977,-4217.977,-4217.977,-4217.977,-4892.624
66,0.01092945,-3846.9368,-1339.6538,444.6421,-524.25055,-3846.9368
67,0.010931001,-3745.7808,-3745.7808,-3745.7808,-3745.7808,-598.7958
68,0.010932575,-3957.2012,-3957.2012,-3957.2012,-3957.2012,-3444.8896
69,0.010934178,-4525.7256,423.0286,248.3359,-253.44664,-4525.7256
70,0.010935804,-5378.866,-5378.866,-5378.866,-5378.866,-2988.616
71,0.010937447,-5958.1846,-5958.1846,-5958.1846,-5958.1846,-7274.343
72,0.010939008,-5615.7803,256.13528,315.76016,-941.4401,-5615.7803
73,0.010940562,-4146.81,-4146.81,-4146.81,-4146.81,-5500.374
74,0.010942139,-2631.2495,-2631.2495,-2631.2495,-2631.2495,-2871.1865
75,0.010943666,-2542.5693,675.49493,317.46976,-1795.5797,-2542.5693
76,0.010945121,-4430.536,-4430.536,-4430.536,-4430.536,-4844.3506
77,0.010946538,-6645.3696,-6645.3696,-6645.3696,-6645.3696,-5944.46
78,0.010947971,-7260.7803,415.98993,241.1325,-2296.9946,-7260.7803
79,0.010949466,-4787.5366,-4787.5366,-4787.5366,-4787.5366,-762.33484
80,0.010951056,-577.3597,-577.3597,-577.3597,-577.3597,6520.501
81,0.010952668,2371.2747,894.61615,130.04622,-2092.5754,2371.2747
82,0.01095426,1818.0345,1818.0345,1818.0345,1818.0345,-1145.6161
83,0.01095586,-945.6485,-945.6485,-945.6485,-945.6485,-5559.7725
84,0.010957476,-3812.8506,2027.4534,5.7740483,-990.0587,-3812.8506
85,0.010959071,-5120.7886,-5120.7886,-5120.7886,-5120.7886,-4838.616
86,0.010960685,-5518.0024,-5518.0024,-5518.0024,-5518.0024,-5250.257
87,0.010962352,-6206.3584,2795.535,-321.3565,-383.6366,-6206.3584
88,0.01096405,-8046.829,-8046.829,-8046.829,-8046.829,-10232.4375
89,0.010965757,-9967.768,-9967.768,-9967.768,-9967.768,-13331.89
90,0.01096749,-10359.249,-1499.9003,-275.77014,-747.73047,-10359.249
91,0.010969181,-8254.214,-8254.214,-8254.214,-8254.214,-5434.3193
92,0.01097081,-5292.234,-5292.234,-5292.234,-5292.234,-6402.6787
93,0.010972418,-3333.8743,-2248.279,-276.4491,-719.90173,-3333.8743
94,0.010974019,-3536.0796,-3536.0796,-3536.0796,-3536.0796,401.173
95,0.010975596,-4624.681,-4624.681,-4624.681,-4624.681,-1086.413
96,0.010977127,-4837.249,-1485.1743,-75.09817,-426.8795,-4837.249
97,0.010978641,-3084.1306,-3084.1306,-3084.1306,-3084.1306,-2113.1787
98,0.010980203,-7.7836385,-7.7836385,-7.7836385,-7.7836385,-1873.7098
99,0.010981796,3109.923,2170.4902,125.79222,-87.6983,3109.923
100,0.010983334,5017.088,5017.088,5017.088,5017.088,2571.556
101,0.010984863,5637.5938,5637.5938,5637.5938,5637.5938,-210.85828
102,0.010986408,4992.8213,4405.426,116.73855,912.11383,4992.8213
103,0.010987985,3259.0688,3259.0688,3259.0688,3259.0688,3775.4934
104,0.010989533,1589.5819,1589.5819,1589.5819,1589.5819,3017.681
105,0.010990995,1202.4933,7511.8887,63.21393,1727.8872,1202.4933
106,0.010992446,2668.2568,2668.2568,2668.2568,2668.2568,735.86053
107,0.010993908,5169.0664,5169.0664,5169.0664,5169.0664,4388.7437
108,0.010995394,7497.0796,7124.5938,-173.31363,2806.0916,7497.0796
109,0.01099693,8570.993,8570.993,8570.993,8570.993,1845.3372
110,0.010998552,8123.7354,8123.7354,8123.7354,8123.7354,-2820.835
111,0.011000226,6138.5947,8574.169,-86.98574,2801.305,6138.5947
112,0.011001917,2956.341,2956.341,2956.341,2956.341,8790.002
113,0.011003523,-64.03341,-64.03341,-64.03341,-64.03341,421.82928
114,0.011005021,-1793.5145,7953.131,-48.28551,2296.4275,-1793.5145
115,0.011006511,-1775.727,-1775.727,-1775.727,-1775.727,2914.1965
116,0.011008014,-542.4768,-542.4768,-542.4768,-542.4768,4449.111
117,0.011009528,1070.673,6078.61,-61.73497,2107.3296,1070.673
118,0.011011057,2344.4143,2344.4143,2344.4143,2344.4143,-4377.624
119,0.011012643,3152.4912,3152.4912,3152.4912,3152.4912,1835.384
120,0.01101426,3464.314,4812.9043,-53.325077,1971.5697,3464.314
121,0.011015896,3259.5098,3259.5098,3259.5098,3259.5098,-1216.9598
122,0.011017524,2457.93,2457.93,2457.93,2457.93,-4312.382
123,0.011019046,1081.5168,6331.186,148.62668,1784.4899,1081.5168
124,0.011020548,-799.5264,-799.5264,-799.5264,-799.5264,-2935.585
125,0.011022026,-2494.736,-2494.736,-2494.736,-2494.736,-4798.5303
126,0.011023466,-3235.2566,4610.319,264.18353,2111.2275,-3235.2566
127,0.011024907,-2517.603,-2517.603,-2517.603,-2517.603,-2857.546
128,0.01102639,-452.56543,-452.56543,-452.56543,-452.56543,4156.4624
129,0.011027906,2633.673,3300.5496,104.521866,1950.7267,2633.673
130,0.011029432,6170.5693,6170.5693,6170.5693,6170.5693,-2303.6865
131,0.011030952,9027.941,9027.941,9027.941,9027.941,1761.2512
132,0.01103243,10005.97,6607.917,193.16574,873.4107,10005.97
133,0.011033887,8588.246,8588.246,8588.246,8588.246,11908.119
134,0.011035307,6098.3696,6098.3696,6098.3696,6098.3696,11172.861
135,0.011036702,4115.4077,9792.813,257.6513,-342.35052,4115.4077
136,0.011038093,3710.5664,3710.5664,3710.5664,3710.5664,6363.5405
137,0.011039498,4512.1777,4512.1777,4512.1777,4512.1777,10352.993
138,0.011040933,5790.673,10220.233,220.92648,540.998,5790.673
139,0.011042414,6832.145,6832.145,6832.145,6832.145,2259.7903
140,0.011043963,7174.811,7174.811,7174.811,7174.811,5736.2905
141,0.011045564,6340.8765,9189.262,269.09836,1606.7878,6340.8765
142,0.011047163,4129.825,4129.825,4129.825,4129.825,3012.0247
143,0.011048759,1285.3177,1285.3177,1285.3177,1285.3177,-3285.6553
144,0.011050354,-1232.4677,8018.1094,422.10452,2109.8926,-1232.4677
145,0.011051944,-2624.682,-2624.682,-2624.682,-2624.682,2304.6418
146,0.011053544,-2747.838,-2747.838,-2747.838,-2747.838,1611.087
147,0.011055121,-1625.9677,5703.5703,280.99924,2079.9006,-1625.9677
148,0.011056711,705.08496,705.08496,705.08496,705.08496,-249.51451
149,0.011058349,4151.0854,4151.0854,4151.0854,4151.0854,5359.2905
150,0.011060008,8453.376,4776.7563,263.6708,1624.8947,8453.376
151,0.011061653,13039.737,13039.737,13039.737,13039.737,8022.15
152,0.011063281,16565.01,16565.01,16565.01,16565.01,10762.571
153,0.011064906,17556.994,10340.259,280.76306,1993.9618,17556.994
154,0.011066549,15138.249,15138.249,15138.249,15138.249,13468.299
155,0.011068204,11135.566,11135.566,11135.566,11135.566,9900.478
156,0.011069871,8172.6343,14198.843,190.54211,1410.3538,8172.6343
157,0.011071533,8142.8965,8142.8965,8142.8965,8142.8965,5717.064
158,0.011073198,9654.211,9654.211,9654.211,9654.211,8104.3843
159,0.011074881,10502.696,14099.475,129.36208,859.4042,10502.696
160,0.011076569,8919.361,8919.361,8919.361,8919.361,7386.7593
161,0.011078216,5370.2134,5370.2134,5370.2134,5370.2134,4968.79
162,0.011079863,681.12616,11018.42,92.50583,1168.9688,681.12616
163,0.011081474,-4163.0454,-4163.0454,-4163.0454,-4163.0454,-4470.749
164,0.011083091,-8261.5,-8261.5,-8261.5,-8261.5,-9621.562
165,0.01108472,-10539.569,4811.5933,125.3017,1193.0316,-10539.569
166,0.011086328,-10341.64,-10341.64,-10341.64,-10341.64,-10047.405
167,0.011087979,-8795.6045,-8795.6045,-8795.6045,-8795.6045,-9818.007
168,0.011089671,-7553.9443,-28.647333,38.50328,846.56665,-7553.9443
169,0.011091383,-8027.3237,-8027.3237,-8027.3237,-8027.3237,-10782.929
170,0.011093103,-9787.145,-9787.145,-9787.145,-9787.145,-13352.155
171,0.011094841,-11915.655,-3193.3037,110.49952,382.79587,-11915.655
172,0.011096556,-13525.02,-13525.02,-13525.02,-13525.02,-12164.757
173,0.011098246,-14246.145,-14246.145,-14246.145,-14246.145,-13119.977
174,0.01109992,-13843.296,-4798.732,120.855934,278.54666,-13843.296
175,0.011101625,-12144.515,-12144.515,-12144.515,-12144.515,-8855.851
176,0.011103378,-9436.94,-9436.94,-9436.94,-9436.94,-5449.6475
177,0.011105164,-6238.5615,-5518.384,135.34344,203.21605,-6238.5615
178,0.011106949,-3157.2612,-3157.2612,-3157.2612,-3157.2612,-4965.7256
179,0.011108706,-718.08374,-718.08374,-718.08374,-718.08374,-3487.6162
180,0.011110432,660.4386,-1993.0088,173.53056,439.27414,660.4386
181,0.011112066,835.75665,835.75665,835.75665,835.75665,4910.3213
182,0.011113624,525.98615,525.98615,525.98615,525.98615,6079.0405
183,0.011115171,448.31366,1883.197,405.19885,1259.9901,448.31366
184,0.011116751,1114.6962,1114.6962,1114.6962,1114.6962,-5725.6553
185,0.011118359,2307.3938,2307.3938,2307.3938,2307.3938,-2196.9912
186,0.011119986,3571.3843,5536.495,182.80229,1267.9674,3571.3843
187,0.011121624,4446.524,4446.524,4446.524,4446.524,3076.72
188,0.011123247,4581.3823,4581.3823,4581.3823,4581.3823,4125.1577
189,0.011124858,3689.4778,6505.7383,113.884285,49.847973,3689.4778
190,0.011126518,1610.7981,1610.7981,1610.7981,1610.7981,4484.759
191,0.011128219,-887.59143,-887.59143,-887.59143,-887.59143,-881.99896
192,0.011129905,-2637.5222,5856.6084,111.570145,-214.71495,-2637.5222
193,0.011131594,-2871.0562,-2871.0562,-2871.0562,-2871.0562,129.38393
194,0.011133277,-2012.2297,-2012.2297,-2012.2297,-2012.2297,2364.4465
195,0.011134981,-770.6708,4525.611,-16.448097,-757.8194,-770.6708
196,0.011136701,248.45224,248.45224,248.45224,248.45224,5136.689
197,0.011138378,969.27277,969.27277,969.27277,969.27277,6414.243
198,0.011140011,1496.845,3418.8108,-94.01626,-805.02783,1496.845
199,0.01114162,1916.2152,1916.2152,1916.2152,1916.2152,-2224.749
200,0.01114323,2254.1846,2254.1846,2254.1846,2254.1846,-1044.4286
201,0.011144829,2514.7747,4924.0947,139.58041,-309.77393,2514.7747
202,0.011146422,2669.16,2669.16,2669.16,2669.16,445.8605
203,0.011147977,2549.3787,2549.3787,2549.3787,2549.3787,-711.1317
204,0.01114951,1974.5792,6199.449,122.19681,-241.90265,1974.5792
205,0.01115106,858.1138,858.1138,858.1138,858.1138,3417.7747
206,0.011152641,-411.3849,-411.3849,-411.3849,-411.3849,2976.431
207,0.011154278,-1270.6005,5273.013,251.0221,-196.8265,-1270.6005
208,0.011155981,-1258.3359,-1258.3359,-1258.3359,-1258.3359,-3747.03
209,0.011157657,-869.04584,-869.04584,-869.04584,-869.04584,-2646.6396
210,0.011159295,-848.8193,4569,395.18524,-291.75214,-848.8193
211,0.011160901,-1698.7642,-1698.7642,-1698.7642,-1698.7642,-1358.0927
212,0.011162483,-3266.8015,-3266.8015,-3266.8015,-3266.8015,-3738.952
213,0.011164031,-5250.913,2536.7092,435.24634,173.00748,-5250.913
214,0.01116556,-7269.183,-7269.183,-7269.183,-7269.183,-7847.8896
215,0.011167075,-8418.446,-8418.446,-8418.446,-8418.446,-8053.0615
216,0.011168615,-7654.007,297.78177,152.75592,525.6057,-7654.007
217,0.011170194,-4253.9526,-4253.9526,-4253.9526,-4253.9526,-5228.0303
218,0.011171767,272.42953,272.42953,272.42953,272.42953,-848.70984
219,0.011173372,3970.7512,721.6551,154.7054,559.91034,3970.7512
220,0.011175027,5211.6343,5211.6343,5211.6343,5211.6343,1382.0323
221,0.011176697,4746.6504,4746.6504,4746.6504,4746.6504,38.96206
222,0.011178385,4141.829,2956.6042,161.59302,401.88022,4141.829
223,0.011180067,4622.8,4622.8,4622.8,4622.8,8275.634
224,0.011181752,5773.2344,5773.2344,5773.2344,5773.2344,7731.9463
225,0.011183444,6767.6963,8736.772,293.39215,554.23926,6767.6963
226,0.011185112,6944.3413,6944.3413,6944.3413,6944.3413,6226.986
227,0.011186726,6394.496,6394.496,6394.496,6394.496,5261.2593
228,0.011188325,5344.915,9294.182,301.74207,-530.04675,5344.915
229,0.011189914,4045.473,4045.473,4045.473,4045.473,4504.603
230,0.011191506,2940.6206,2940.6206,2940.6206,2940.6206,3738.2512
231,0.011193058,2537.095,8730.802,315.5484,-1596.3822,2537.095
232,0.011194558,3097.2515,3097.2515,3097.2515,3097.2515,3237.2275
233,0.011196066,4391.0635,4391.0635,4391.0635,4391.0635,4935.6265
234,0.011197602,6107.0796,7849.1313,264.47858,-257.43402,6107.0796
235,0.011199168,7966.2104,7966.2104,7966.2104,7966.2104,6070.853
236,0.01120072,9885.315,9885.315,9885.315,9885.315,8632.157
237,0.011202253,11889.524,9706.905,325.2714,1477.3411,11889.524
238,0.011203777,13861.73,13861.73,13861.73,13861.73,12373.681
239,0.011205325,15052.459,15052.459,15052.459,15052.459,10908.088
240,0.011206873,14456.384,12687.953,396.83673,1834.1083,14456.384
241,0.011208409,11552.186,11552.186,11552.186,11552.186,17507.463
242,0.011209955,7428.201,7428.201,7428.201,7428.201,13229.399
243,0.011211546,3561.626,13138.495,679.821,1163.0782,3561.626
244,0.011213144,1324.2218,1324.2218,1324.2218,1324.2218,-463.74887
245,0.011214758,289.0779,289.0779,289.0779,289.0779,209.00896
246,0.011216321,-382.8192,10378.304,501.1461,-200.12155,-382.8192
247,0.01121784,-1343.5946,-1343.5946,-1343.5946,-1343.5946,-489.2489
248,0.011219347,-2541.2563,-2541.2563,-2541.2563,-2541.2563,-1639.1475
249,0.011220888,-3790.038,4628.8623,447.697,-351.42,-3790.038
250,0.011222463,-4862.1436,-4862.1436,-4862.1436,-4862.1436,-5769.7803
251,0.011224072,-5546.6636,-5546.6636,-5546.6636,-5546.6636,-7086.3896
252,0.011225685,-5624.546,1716.3302,-92.877884,29.263582,-5624.546
253,0.011227285,-4987.1143,-4987.1143,-4987.1143,-4987.1143,-410.41296
254,0.011228906,-3819.739,-3819.739,-3819.739,-3819.739,80.43081
255,0.011230532,-2409.7568,381.76804,250.79813,304.14648,-2409.7568
256,0.01123215,-956.64044,-956.64044,-956.64044,-956.64044,823.3683
257,0.01123377,763.4116,763.4116,763.4116,763.4116,2345.2903
258,0.01123538,3048.2122,2123.2292,186.70163,9.73901,3048.2122
259,0.011236966,5996.2183,5996.2183,5996.2183,5996.2183,4027.517
260,0.01123855,9098.681,9098.681,9098.681,9098.681,7984.5483
261,0.011240168,11705.244,7038.416,244.2559,194.78644,11705.244
262,0.01124179,13113.932,13113.932,13113.932,13113.932,11178.283
263,0.011243363,13129.708,13129.708,13129.708,13129.708,7948.3135
264,0.011244938,11719.51,10994.734,349.43747,466.32104,11719.51
265,0.011246565,8870.991,8870.991,8870.991,8870.991,14716.072
266,0.011248242,5431.282,5431.282,5431.282,5431.282,7328.4546
267,0.011249929,2692.7512,11875.867,559.885,238.63887,2692.7512
268,0.011251605,1490.7976,1490.7976,1490.7976,1490.7976,-2586.6707
269,0.011253276,844.4077,844.4077,844.4077,844.4077,-3263.3662
270,0.011254947,-640.8895,9661.408,627.6802,535.76917,-640.8895
271,0.011256606,-3813.1313,-3813.1313,-3813.1313,-3813.1313,-2355.4443
272,0.01125824,-7471.806,-7471.806,-7471.806,-7471.806,-7208.1475
273,0.011259844,-10040.202,2058.8923,490.6986,120.145706,-10040.202
274,0.011261452,-10457.144,-10457.144,-10457.144,-10457.144,-8973.983
275,0.011263089,-9037.352,-9037.352,-9037.352,-9037.352,-6368.4604
276,0.011264732,-6516.226,-490.30994,455.02182,-1638.5912,-6516.226
277,0.011266381,-3701.3245,-3701.3245,-3701.3245,-3701.3245,-5420.593
278,0.011268024,-1559.72,-1559.72,-1559.72,-1559.72,-2502.655
279,0.011269647,-1049.3114,-844.5491,357.6989,-3257.7227,-1049.3114
280,0.011271222,-2484.277,-2484.277,-2484.277,-2484.277,-3621.835
281,0.011272822,-4255.4424,-4255.4424,-4255.4424,-4255.4424,-2857.171
282,0.011274417,-4184.163,1037.0054,358.55557,-3550.8418,-4184.163
283,0.011275972,-1042.5281,-1042.5281,-1042.5281,-1042.5281,3427.2278
284,0.011277515,3340.7087,3340.7087,3340.7087,3340.7087,8318.415
285,0.011279091,6553.845,3738.1467,254.15327,-2222.7805,6553.845
286,0.011280669,6664.6763,6664.6763,6664.6763,6664.6763,6189.1807
287,0.011282222,4984.081,4984.081,4984.081,4984.081,4301.9854
288,0.011283752,3521.9856,5146.5625,276.96884,-1572.104,3521.9856
289,0.011285264,3626.5188,3626.5188,3626.5188,3626.5188,3748.4622
290,0.011286773,4621.9014,4621.9014,4621.9014,4621.9014,6440.712
291,0.011288291,5368.9233,8892.976,320.36584,259.78555,5368.9233
292,0.011289803,4828.8994,4828.8994,4828.8994,4828.8994,-2260.6318
293,0.011291336,2404.4524,2404.4524,2404.4524,2404.4524,-1618.3661
294,0.011292902,-2492.9834,7794.336,340.39047,590.8258,-2492.9834
295,0.011294512,-10064.958,-10064.958,-10064.958,-10064.958,-11634.812
296,0.011296175,-18386.984,-18386.984,-18386.984,-18386.984,-19777.781
297,0.011297822,-24358.336,-1614.3126,257.51953,-1729.3171,-24358.336
298,0.011299478,-25959.709,-25959.709,-25959.709,-25959.709,-20665.953
299,0.011301156,-23699.352,-23699.352,-23699.352,-23699.352,-21881.258
300,0.011302792,-19000.148,-7838.4116,-26.881514,-2811.838,-19000.148
301,0.011304401,-13204.093,-13204.093,-13204.093,-13204.093,-16614.828
302,0.011306015,-7507.1626,-7507.1626,-7507.1626,-7507.1626,-12102.491
303,0.011307627,-3234.7957,-9854.49,-2.113486,-2901.8618,-3234.7957
304,0.011309233,-1177.8145,-1177.8145,-1177.8145,-1177.8145,2647.3293
305,0.011310861,-82.335625,-82.335625,-82.335625,-82.335625,4854.845
306,0.011312453,1736.7277,-3950.1648,-44.8641,-1478.9299,1736.7277
307,0.01131405,5390.553,5390.553,5390.553,5390.553,2684.1653
308,0.011315649,9515.804,9515.804,9515.804,9515.804,10482.36
309,0.011317302,12164.557,6815.0884,191.36285,-83.729355,12164.557
310,0.011318943,11642.514,11642.514,11642.514,11642.514,6100.5327
311,0.011320574,8910.043,8910.043,8910.043,8910.043,418.44644
312,0.011322212,5455.2124,10176.073,289.8867,-37.027653,5455.2124
313,0.011323798,2625.5632,2625.5632,2625.5632,2625.5632,7708.8843
314,0.011325336,581.9296,581.9296,581.9296,581.9296,3334.509
315,0.011326879,-791.5067,9714.454,23.51119,465.49493,-791.5067
316,0.011328467,-1548.2788,-1548.2788,-1548.2788,-1548.2788,-2956.0693
317,0.011330115,-1831.234,-1831.234,-1831.234,-1831.234,-1150.0614
318,0.01133179,-1848.3115,5771.1387,29.439983,233.53984,-1848.3115
319,0.011333451,-1911.4254,-1911.4254,-1911.4254,-1911.4254,-6670.468
320,0.011335116,-2574.6672,-2574.6672,-2574.6672,-2574.6672,-6227.257
321,0.011336804,-4489.2256,2864.5615,58.83295,-107.16282,-4489.2256
322,0.011338499,-7902.92,-7902.92,-7902.92,-7902.92,-8131.273
323,0.011340206,-11435.315,-11435.315,-11435.315,-11435.315,-10417.647
324,0.011341864,-13212.9375,-1380.3468,611.6134,-601.4332,-13212.9375
325,0.011343446,-12284.318,-12284.318,-12284.318,-12284.318,-12274.983
326,0.011345034,-9604.638,-9604.638,-9604.638,-9604.638,-9936.913
327,0.011346638,-6455.538,-3165.1318,663.3218,-409.07513,-6455.538
328,0.011348251,-4001.6875,-4001.6875,-4001.6875,-4001.6875,-7439.7803
329,0.011349838,-2646.216,-2646.216,-2646.216,-2646.216,-6181.1943
330,0.011351383,-2492.7803,-2462.2883,665.6319,-601.80914,-2492.7803
331,0.011352899,-3303.0999,-3303.0999,-3303.0999,-3303.0999,587.86835
332,0.011354424,-3678.026,-3678.026,-3678.026,-3678.026,-1677.8817
333,0.011355995,-1791.3271,515.49896,592.8571,-632.19464,-1791.3271
334,0.011357546,3340.2095,3340.2095,3340.2095,3340.2095,6073.6265
335,0.011359147,9655.45,9655.45,9655.45,9655.45,9671.267
336,0.011360752,13681.463,6659.4824,632.56836,-322.2161,13681.463
337,0.011362371,13015.655,13015.655,13015.655,13015.655,16678.166
338,0.01136393,9540.114,9540.114,9540.114,9540.114,13379.235
339,0.011365473,5872.6494,9251.543,597.1611,644.543,5872.6494
340,0.011367058,3830.9773,3830.9773,3830.9773,3830.9773,3989.1733
341,0.011368664,3068.7825,3068.7825,3068.7825,3068.7825,993.7277
342,0.011370242,2529.1887,11179.185,502.68686,886.2855,2529.1887
343,0.011371789,1434.6422,1434.6422,1434.6422,1434.6422,2379.3372
344,0.011373351,49.365074,49.365074,49.365074,49.365074,-2210.3506
345,0.011374932,-1070.6239,6862.0845,353.88028,570.3216,-1070.6239
346,0.011376476,-1510.074,-1510.074,-1510.074,-1510.074,2515.5403
347,0.011378044,-1621.1234,-1621.1234,-1621.1234,-1621.1234,-865.08484
348,0.011379662,-1922.8973,4634.347,397.42163,600.7424,-1922.8973
349,0.011381323,-2806.794,-2806.794,-2806.794,-2806.794,-4950.3115
350,0.011382984,-3831.4878,-3831.4878,-3831.4878,-3831.4878,-6454.241
351,0.011384586,-4346.491,2201.0366,381.06314,1113.0479,-4346.491
352,0.011386132,-3999.3508,-3999.3508,-3999.3508,-3999.3508,2890.3606
353,0.011387676,-3039.095,-3039.095,-3039.095,-3039.095,3549.9387
354,0.011389214,-1835.4677,1647.1512,209.04483,1318.7412,-1835.4677
355,0.011390771,-661.8117,-661.8117,-661.8117,-661.8117,-5938.343
356,0.011392336,466.04553,466.04553,466.04553,466.04553,-6487.218
357,0.011393938,1636.4309,2571.371,212.10382,616.0587,1636.4309
358,0.011395556,2787.383,2787.383,2787.383,2787.383,4497.3057
359,0.011397203,3383.4575,3383.4575,3383.4575,3383.4575,681.4465
360,0.01139884,2731.2903,4889.8203,507.08044,-540.1401,2731.2903
361,0.011400446,680.50214,680.50214,680.50214,680.50214,8868.979
362,0.011402041,-1182.8688,-1182.8688,-1182.8688,-1182.8688,4158.7827
363,0.011403602,-933.65515,5203.3174,512.7627,-1610.0042,-933.65515
364,0.011405157,2363.909,2363.909,2363.909,2363.909,-8780.983
365,0.011406723,6343.0845,6343.0845,6343.0845,6343.0845,-4212.296
366,0.011408274,7702.767,6462.9644,531.3446,-1279.923,7702.767
367,0.011409809,4537.1655,4537.1655,4537.1655,4537.1655,12670.743
368,0.011411274,-161.50867,-161.50867,-161.50867,-161.50867,3021.0168
369,0.011412668,-2985.7646,7162.8164,31.557913,-1101.7852,-2985.7646
370,0.011414054,-2135.782,-2135.782,-2135.782,-2135.782,-3492.1006
371,0.0114155,926.4414,926.4414,926.4414,926.4414,733.4855
372,0.011417056,3538.2356,6165.0737,8.856725,-898.1035,3538.2356
373,0.011418626,2881.144,2881.144,2881.144,2881.144,-1326.3973
374,0.011420188,-191.29813,-191.29813,-191.29813,-191.29813,-8110.374
375,0.011421769,-3986.2878,4407.3765,82.00244,-1158.0894,-3986.2878
376,0.011423366,-6967.38,-6967.38,-6967.38,-6967.38,-5189.749
377,0.011425,-8605.74,-8605.74,-8605.74,-8605.74,-13135.827
378,0.011426639,-8555.093,1889.9086,134.4842,-1218.5226,-8555.093
379,0.011428255,-6776.9136,-6776.9136,-6776.9136,-6776.9136,84.30581
380,0.011429846,-4019.4197,-4019.4197,-4019.4197,-4019.4197,-1015.78015
381,0.01143142,-1134.3114,-974.5918,65.28151,-849.78687,-1134.3114
382,0.011433016,1180.4797,1180.4797,1180.4797,1180.4797,3066.2668
383,0.011434599,2359.7778,2359.7778,2359.7778,2359.7778,2729.0872
384,0.011436188,1976.7903,1460.2057,47.711697,-917.1002,1976.7903
385,0.011437809,-135.94934,-135.94934,-135.94934,-135.94934,-1414.2723
386,0.01143944,-2674.9797,-2674.9797,-2674.9797,-2674.9797,-2654.796
387,0.011441078,-3913.2256,4066.725,37.42562,-1148.3756,-3913.2256
388,0.01144274,-2615.5574,-2615.5574,-2615.5574,-2615.5574,-6417.7026
389,0.011444402,193.11064,193.11064,193.11064,193.11064,-1244.1161
390,0.011446049,2861.6887,3349.3682,147.75633,-724.4861,2861.6887
391,0.011447648,4143.3584,4143.3584,4143.3584,4143.3584,4923.353
392,0.011449169,4238.1035,4238.1035,4238.1035,4238.1035,4311.9077
393,0.011450668,3603.5403,4259.9707,146.29256,-694.7469,3603.5403
394,0.011452219,2517.6562,2517.6562,2517.6562,2517.6562,3555.4229
395,0.011453842,1174.4032,1174.4032,1174.4032,1174.4032,-988.1942
396,0.011455448,-121.10044,6713.0483,258.35803,387.64664,-121.10044
397,0.011457046,-1220.3157,-1220.3157,-1220.3157,-1220.3157,47.93081
398,0.011458626,-2301.2285,-2301.2285,-2301.2285,-2301.2285,-249.70982
399,0.011460204,-3635.538,4760.1597,349.6222,621.4694,-3635.538
400,0.01146177,-5266.372,-5266.372,-5266.372,-5266.372,-4382.507
401,0.01146334,-6453.558,-6453.558,-6453.558,-6453.558,-7236.2803
402,0.011464917,-6228.812,1421.2887,425.68326,-178.79376,-6228.812
403,0.011466517,-4064.937,-4064.937,-4064.937,-4064.937,-4302.9365
404,0.011468102,-1517.8921,-1517.8921,-1517.8921,-1517.8921,-3924.3743
405,0.011469679,-573.7411,884.64276,496.45895,-244.51642,-573.7411
406,0.011471271,-2538.2666,-2538.2666,-2538.2666,-2538.2666,-942.5457
407,0.011472864,-5962.7544,-5962.7544,-5962.7544,-5962.7544,-4365.0693
408,0.011474459,-8674.633,1344.7104,725.6817,-255.97491,-8674.633
409,0.011476025,-9024.993,-9024.993,-9024.993,-9024.993,-7980.452
410,0.011477571,-7514.708,-7514.708,-7514.708,-7514.708,-4116.0303
411,0.011479109,-5049.5615,143.44481,772.01587,-1024.997,-5049.5615
412,0.011480711,-2379.3213,-2379.3213,-2379.3213,-2379.3213,-3417.507
413,0.011482333,-505.2256,-505.2256,-505.2256,-505.2256,-4013.6008
414,0.011483947,-410.42856,169.05403,115.3377,-1376.6748,-410.42856
415,0.011485576,-2498.0925,-2498.0925,-2498.0925,-2498.0925,272.56363
416,0.011487178,-4891.7646,-4891.7646,-4891.7646,-4891.7646,-1503.8584
417,0.011488697,-5370.585,1922.6134,312.2573,-1464.9977,-5370.585
418,0.011490187,-2846.0752,-2846.0752,-2846.0752,-2846.0752,-2923.6162
419,0.011491684,1374.4365,1374.4365,1374.4365,1374.4365,1475.0558
420,0.011493203,5379.462,2472.5928,428.9392,-1297.7961,5379.462
421,0.011494733,7434.03,7434.03,7434.03,7434.03,3215.931
422,0.011496329,7165.836,7165.836,7165.836,7165.836,7231.423
423,0.011497937,4495.931,4902.5615,578.7424,-733.02124,4495.931
424,0.011499506,-21.587883,-21.587883,-21.587883,-21.587883,-1769.3192
425,0.011501089,-4768.435,-4768.435,-4768.435,-4768.435,-7537.241
426,0.011502704,-7668.452,5190.821,577.75653,-589.7558,-7668.452
427,0.011504331,-7204.694,-7204.694,-7204.694,-7204.694,-5143.9053
428,0.011505917,-5198.257,-5198.257,-5198.257,-5198.257,-2690.5068
429,0.011507489,-4096.1006,2673.0928,586.61176,-1066.5306,-4096.1006
430,0.011509071,-5542.197,-5542.197,-5542.197,-5542.197,-7250.741
431,0.011510676,-8359.493,-8359.493,-8359.493,-8359.493,-10639.085
432,0.011512293,-10512.171,-909.2858,355.19485,-839.9024,-10512.171
433,0.011513912,-10427.016,-10427.016,-10427.016,-10427.016,-10614.46
434,0.01151558,-8624.478,-8624.478,-8624.478,-8624.478,-9246.562
435,0.011517247,-6304.0615,-1850.066,96.08384,-612.71265,-6304.0615
436,0.011518903,-4428.83,-4428.83,-4428.83,-4428.83,-1245.7098
437,0.011520531,-2853.357,-2853.357,-2853.357,-2853.357,-487.95984
438,0.011522167,-1122.7255,-1366.912,400.2892,-543.26245,-1122.7255
439,0.011523796,974.4101,974.4101,974.4101,974.4101,4934.157
440,0.011525377,2884.706,2884.706,2884.706,2884.706,7580.7515
441,0.011526986,4039.5405,2648.5422,290.07144,-650.0645,4039.5405
442,0.011528599,3983.4412,3983.4412,3983.4412,3983.4412,2743.845
443,0.011530236,3298.6272,3298.6272,3298.6272,3298.6272,4770.7275
444,0.011531894,2866.5247,5512.0825,249.44948,-747.58514,2866.5247
445,0.011533594,3373.4556,3373.4556,3373.4556,3373.4556,-332.1786
446,0.011535308,4407.4604,4407.4604,4407.4604,4407.4604,386.13394
447,0.011536974,5211.4077,7610.7466,218.19254,-1307.4669,5211.4077
448,0.011538608,5312.528,5312.528,5312.528,5312.528,4217.853
449,0.011540268,4932.406,4932.406,4932.406,4932.406,4688.345
450,0.011541883,4473.0093,7997.408,297.08936,-386.40643,4473.0093
451,0.01154347,4163.028,4163.028,4163.028,4163.028,2815.6965